genus.x,specificEpithet.x,Genus synonyms,Epithet synonyms,Synonym edits,Main common name,Other common names,Excluded names,Accepted scientific name only,Accepted scientific name + common names,Accepted scientific name + common names + taxonomic synonyms,PubMed Virus Search,PubMed Central Virus Search,Scopus Virus Search,Google Scholar Virus Search 1,Google Scholar Virus Search 2,Google Scholar Virus Search 2,Google Scholar Virus Search 3
Aplodontia,rufa,Aplodontia|Apludontia|Apluodontia|Haplodon|Haplodus|Haploodon|Haploodus|Haploudon|Haploudontia|Haploudus|Hapludon,leporina|californica|major|olympica|pacifica|phaea|rainieri|chryseola|nigra|columbiana|grisea|humboldtiana,,Mountain Beaver,Sewellel|Point Arena Mountain Beaver|Point Reyes Mountain Beaver,Boomer,,,,,,,,,,
Castor,canadensis,Castor|Fiber|Mamcastorus,canadensis,,North American Beaver,American Beaver|Canadian Beaver,,,,,,,,,,,
Alexandromys,oeconomus,Alexandromys|Pallasiinus|Oecomicrotus|Suranomys,oeconomus,Old genus name: Microtus,Root Vole,Tundra Vole,,,,,,,,,,,
Arborimus,albipes,Arborimus|Paraphenacomys,Phenacomys_albipes,,White-footed Vole,,,,,,,,,,,,
Arborimus,longicaudus,Arborimus|Paraphenacomys,Phenacomys_longicaudus,,Red Tree Vole,Reddish Tree Mouse,Reddish Tree Mouse,,,,,,,,,,
Arborimus,pomo,Arborimus|Paraphenacomys,pomo,,Sonoma Tree Vole,California Red Tree Mouse|California Red Tree Vole|Pomo Tree Vole,,,,,,,,,,,
Baiomys,musculus,Baiomys,Sitomys_musculus,,Southern Pygmy Mouse,,Sitomys musculus,,,,,,,,,,
Baiomys,taylori,Baiomys,paulus|allex|subater|analogus|ater|canutus|fuliginatus,,Northern Pygmy Mouse,,"paulus, allex, subater, analogus, ater, canutus, fuliginatus",,,,,,,,,,
Clethrionomys,californicus,Clethrionomys|Evotomys|Glareomys,Evotomys californicus|Clethrionomys mazama|Evotomys mazama|Clethrionomys obscurus|Evotomys obscurus,,Western Red-backed Vole,California Red-backed Vole,"""Clethrionomys obscurus""",,,,,,,,,,
Clethrionomys,gapperi,Clethrionomys|Evotomys|Glareomys,gapperi|carolinensis|galei|occidentalis|brevicaudus|idahoensis|rhoadsii|fuscodorsalis|ochraceus|pygmaeus|saturatus|loringi|nivarius|proteus|ungava|wrangeli|caurinus|athabascae|phaeus|limitis|maurus|gaspeanus|hudsonius|pallescens|rufescens|paludicola|uintaensis|cascadensis|rupicola|arizonensis|gauti|solus|stikinensis,,Southern Red-backed Vole,Boreal Red-backed Vole|Gapper’s Red-backed Vole|Revillagigedo Island Red-backed Vole,,,,,,,,,,,
Clethrionomys,rutilus,Clethrionomys|Evotomys|Glareomys,rutilus|amurensis|dawsoni|alascensis|orca|jochelsoni|mikado|insularis|mollessonae|baikalensis|laticeps|otus|parvidens|jacutensis|volgensis|albiventer|dorogostaiskii|hintoni|hintoni|lenaensis|latigriseus|narymensis|glacialis|watsoni|washburni|rjabovi|platycephalus|finmarchius,,Northern Red-backed Vole,Red Vole,,,,,,,,,,,
Dicrostonyx,groenlandicus,Dicrostonyx|Borioikon|Cuniculus|Misothermus|Tylonyx,groenlandicus|rubricatus|alascensis|kilangmiutak|vinogradovi|clarus|lentus,,Nearctic Collared Lemming,Bering Collared Lemming|Greenland Collared Lemming|Northern Collared Lemming|Northern Hoofed Lemming|Northern Varying Lemming,,,,,,,,,,,
Dicrostonyx,hudsonius,Dicrostonyx|Borioikon|Cuniculus|Misothermus|Tylonyx,hudsonius,,Ungava Collared Lemming,Labrador Collared Lemming,,,,,,,,,,,
Dicrostonyx,nunatakensis,Dicrostonyx|Borioikon|Cuniculus|Misothermus|Tylonyx,nunatakensis,,Ogilvie Mountains Collared Lemming,Ogilvie Collared Lemming,,,,,,,,,,,
Dicrostonyx,richardsoni,Dicrostonyx|Borioikon|Cuniculus|Misothermus|Tylonyx,Dicrostonyx_richardsoni,,Richardson’s Collared Lemming,Richardson’s Hoofed Lemming|Richardson’s Varying Lemming,,,,,,,,,,,
Habromys,chinanteco,Habromys,Peromyscus_chinanteco,,Chinanteco Deermouse,Chinanteco Crested-tail Mouse,,,,,,,,,,,
Habromys,delicatulus,Habromys,delicatulus,,Delicate Deermouse,Delicate Crested-tail Mouse,,,,,,,,,,,
Habromys,ixtlani,Habromys,Peromyscus_ixtlani,,Ixtlan Deermouse,Ixtlan Crested-tail Mouse,,,,,,,,,,,
Habromys,lepturus,Habromys,Peromyscus_lepturus,,Zempoaltepec Deermouse,Zempoaltepec Crested-tail Mouse,,,,,,,,,,,
Habromys,lophurus,Habromys,Peromyscus_lophurus,,Crested-tailed Deermouse,Crested-tailed Mouse,,,,,,,,,,,
Habromys,schmidlyi,Habromys,schmidlyi,,Schmidly’s Deermouse,Schmidly’s Crested-tail Mouse,,,,,,,,,,,
Habromys,simulatus,Habromys,Peromyscus_simulatus,,Xico Deermouse,Jico Crested-tail Mouse|Jico Deermouse,,,,,,,,,,,
Handleyomys,alfaroi,Handleyomys,Hesperomys_(Oryzomys)_alfaroi|gracilis|palatinus|incertus|palmirae|dariensis|intagensis|gloriaensis|agrestis,,Alfaro’s Rice Rat,Alfaro’s Oryzomys,,,,,,,,,,,
Handleyomys,chapmani,Handleyomys,chapmani|caudatus|dilutior|huastecae,,Chapman’s Rice Rat,Chapman’s Oryzomys,,,,,,,,,,,
Handleyomys,guerrerensis,Handleyomys,Oryzomys_guerrerensis,,Guerrero Rice Rat,,,,,,,,,,,,
Handleyomys,melanotis,Handleyomys,melanotis|colimensis,,Black-eared Rice Rat,Black-eared Oryzomys,,,,,,,,,,,
Handleyomys,rhabdops,Handleyomys,angusticeps|Oryzomys_rhabdops,,Highland Rice Rat,Highland Oryzomys|Striped Rice Rat,,,,,,,,,,,
Handleyomys,rostratus,Handleyomys,megadon|Oryzomys_rostratus|yucatanensis|carrorum|salvadorensis,,Long-nosed Rice Rat,Long-nosed Oryzomys,,,,,,,,,,,
Handleyomys,saturatior,Handleyomys,hylocetes|Oryzomys_chapmani_saturatior,,Cloud Forest Rice Rat,Cloud Forest Oryzomys,,,,,,,,,,,
Hodomys,alleni,Hodomys,Neotoma_alleni|vetulus|elattura|guerrerensis,,Allen’s Woodrat,,,,,,,,,,,,
Lemmiscus,curtatus,Lemmiscus,Arvicola_curtata|pauperrimus|decurtata|pallidus|intermedius|artemisiae|levidensis|orbitus,,Sagebrush Vole,,,,,,,,,,,,
Lemmus,trimucronatus,Lemmus|Myodes|Brachyurus|Hypudaeus|Lemnus|Lemmus|Mirus|Miromus,trimucronatus|helvolus|subarticus|phaiocephalus,,Nearctic Brown Lemming,,,,,,,,,,,,
Megadontomys,cryophilus,Megadontomys,cryophilus,,Oaxacan Big-toothed Deermouse,Oaxacan Giant Deermouse,,,,,,,,,,,
Megadontomys,nelsoni,Megadontomys,Peromyscus_(Megadontomys)_nelsoni,,Nelson’s Big-toothed Deermouse,Nelson’s Giant Deer Mouse,,,,,,,,,,,
Megadontomys,thomasi,Megadontomys,Peromyscus_(Megadontomys)_thomasi,,Thomas’s Big-toothed Deermouse,Thomas’s Deermouse|Thomas’s Giant Deer Mouse,,,,,,,,,,,
Microtus,californicus,Microtus|Agricola|Ammomys|Arbusticola|Arvalomys|Aulacomys|Blanfordimys|Bicunedens|Campicola|Campicoloma|Chilotus|Euarvicola|Herpetomys|Iberomys|Isodelta|Meridiopitymys|Micrurus|Mynomes|Orthriomys|Parapitymys|Pedomys|Pinemys|Pitymys|Psammomys|Sumeriomys|Sylvicola|Tetramerodon|Terricola|Tibercola|Tyrrhenicola,Arvicola_californica|edax|trowbridgii|vallicola|constrictus|scirpensis|hyperuthrus|aestuarinus|eximius|kernensis|mariposae|mohavensis|sanctidiegi|perplexabilis|aequivocatus|grinnelli|stephensi|paludicola|halophilus|sanpabloensis,,California Vole,Amargosa Vole|California Meadow Mouse,,,,,,,,,,,
Microtus,canicaudus,Microtus|Agricola|Ammomys|Arbusticola|Arvalomys|Aulacomys|Blanfordimys|Bicunedens|Campicola|Campicoloma|Chilotus|Euarvicola|Herpetomys|Iberomys|Isodelta|Meridiopitymys|Micrurus|Mynomes|Orthriomys|Parapitymys|Pedomys|Pinemys|Pitymys|Psammomys|Sumeriomys|Sylvicola|Tetramerodon|Terricola|Tibercola|Tyrrhenicola,Microtus_canicaudus,,Gray-tailed Vole,,,,,,,,,,,,
Microtus,chrotorrhinus,Microtus|Agricola|Ammomys|Arbusticola|Arvalomys|Aulacomys|Blanfordimys|Bicunedens|Campicola|Campicoloma|Chilotus|Euarvicola|Herpetomys|Iberomys|Isodelta|Meridiopitymys|Micrurus|Mynomes|Orthriomys|Parapitymys|Pedomys|Pinemys|Pitymys|Psammomys|Sumeriomys|Sylvicola|Tetramerodon|Terricola|Tibercola|Tyrrhenicola,chrotorrhinus|ravus|carolinensis,,Rock Vole,Southern Rock Vole|Yellow-nosed Vole,,,,,,,,,,,
Microtus,drummondii,Microtus|Agricola|Ammomys|Arbusticola|Arvalomys|Aulacomys|Blanfordimys|Bicunedens|Campicola|Campicoloma|Chilotus|Euarvicola|Herpetomys|Iberomys|Isodelta|Meridiopitymys|Micrurus|Mynomes|Orthriomys|Parapitymys|Pedomys|Pinemys|Pitymys|Psammomys|Sumeriomys|Sylvicola|Tetramerodon|Terricola|Tibercola|Tyrrhenicola,drummondii|modestus|aztecus|insperatus|microcephalus|inspectus|stonei|aphorodemus|admiraltiae|wahema|funebris|rubidus|kincaidi|alcorni|arcticus|tananaensis|finitus|pullatus|uligocola|chihuahuensis,,Western Meadow Vole,Chihuahua Vole|Potholes Meadow Vole|Admiralty Island Meadow Vole,,,,,,,,,,,
Microtus,dukecampbelli,Microtus|Agricola|Ammomys|Arbusticola|Arvalomys|Aulacomys|Blanfordimys|Bicunedens|Campicola|Campicoloma|Chilotus|Euarvicola|Herpetomys|Iberomys|Isodelta|Meridiopitymys|Micrurus|Mynomes|Orthriomys|Parapitymys|Pedomys|Pinemys|Pitymys|Psammomys|Sumeriomys|Sylvicola|Tetramerodon|Terricola|Tibercola|Tyrrhenicola,dukecampbelli,,Florida Salt Marsh Vole,,,,,,,,,,,,
Microtus,guatemalensis,Microtus|Agricola|Ammomys|Arbusticola|Arvalomys|Aulacomys|Blanfordimys|Bicunedens|Campicola|Campicoloma|Chilotus|Euarvicola|Herpetomys|Iberomys|Isodelta|Meridiopitymys|Micrurus|Mynomes|Orthriomys|Parapitymys|Pedomys|Pinemys|Pitymys|Psammomys|Sumeriomys|Sylvicola|Tetramerodon|Terricola|Tibercola|Tyrrhenicola,Microtus_guatemalensis,,Guatemalan Vole,,,,,,,,,,,,
Microtus,longicaudus,Microtus|Agricola|Ammomys|Arbusticola|Arvalomys|Aulacomys|Blanfordimys|Bicunedens|Campicola|Campicoloma|Chilotus|Euarvicola|Herpetomys|Iberomys|Isodelta|Meridiopitymys|Micrurus|Mynomes|Orthriomys|Parapitymys|Pedomys|Pinemys|Pitymys|Psammomys|Sumeriomys|Sylvicola|Tetramerodon|Terricola|Tibercola|Tyrrhenicola,Arvicola_(Mynomes)_longicaudus|alticola|mordax|leucophaeus|angusticeps|macrurus|cautus|vellerosus|bernardinus|coronarius|sierrae|abditus|angustus|latus|littoralis|baileyi|halli|incanus,,Long-tailed Vole,Coronation Island Vole|San Bernardino Long-tailed Vole,,,,,,,,,,,
Microtus,mexicanus,Microtus|Agricola|Ammomys|Arbusticola|Arvalomys|Aulacomys|Blanfordimys|Bicunedens|Campicola|Campicoloma|Chilotus|Euarvicola|Herpetomys|Iberomys|Isodelta|Meridiopitymys|Micrurus|Mynomes|Orthriomys|Parapitymys|Pedomys|Pinemys|Pitymys|Psammomys|Sumeriomys|Sylvicola|Tetramerodon|Terricola|Tibercola|Tyrrhenicola,mexicanus|phaeus|fulviventer|madrensis|subsimus|fundatus|salvus|neveriae|ocotensis,,Mexican Vole,,,,,,,,,,,,
Microtus,miurus,Microtus|Agricola|Ammomys|Arbusticola|Arvalomys|Aulacomys|Blanfordimys|Bicunedens|Campicola|Campicoloma|Chilotus|Euarvicola|Herpetomys|Iberomys|Isodelta|Meridiopitymys|Micrurus|Mynomes|Orthriomys|Parapitymys|Pedomys|Pinemys|Pitymys|Psammomys|Sumeriomys|Sylvicola|Tetramerodon|Terricola|Tibercola|Tyrrhenicola,Microtus_miurus|oreas|muriei|andersoni|cantator|paneaki,,Singing Vole,Alaska Haymouse|Alaska Vole|Toklat Vole,,,,,,,,,,,
Microtus,mogollonensis,Microtus|Agricola|Ammomys|Arbusticola|Arvalomys|Aulacomys|Blanfordimys|Bicunedens|Campicola|Campicoloma|Chilotus|Euarvicola|Herpetomys|Iberomys|Isodelta|Meridiopitymys|Micrurus|Mynomes|Orthriomys|Parapitymys|Pedomys|Pinemys|Pitymys|Psammomys|Sumeriomys|Sylvicola|Tetramerodon|Terricola|Tibercola|Tyrrhenicola,Arvicola_mogollonensis|guadalupensis|navaho|hualpaiensis,,Mogollon Vole,Hualpai Vole|Navajo Vole,,,,,,,,,,,
Microtus,montanus,Microtus|Agricola|Ammomys|Arbusticola|Arvalomys|Aulacomys|Blanfordimys|Bicunedens|Campicola|Campicoloma|Chilotus|Euarvicola|Herpetomys|Iberomys|Isodelta|Meridiopitymys|Micrurus|Mynomes|Orthriomys|Parapitymys|Pedomys|Pinemys|Pitymys|Psammomys|Sumeriomys|Sylvicola|Tetramerodon|Terricola|Tibercola|Tyrrhenicola,Arvicola_montana|longirostris|nanus|arizonensis|canescens|dutcheri|nevadensis|rivularis|yosemite|caryi|fucosus|micropus|undosus|fusus|amosus|nexus|pratincolus|codiensis|zygomaticus,,Montane Vole,Pahranagat Valley Montane Vole,,,,,,,,,,,
Microtus,oaxacensis,Microtus|Agricola|Ammomys|Arbusticola|Arvalomys|Aulacomys|Blanfordimys|Bicunedens|Campicola|Campicoloma|Chilotus|Euarvicola|Herpetomys|Iberomys|Isodelta|Meridiopitymys|Micrurus|Mynomes|Orthriomys|Parapitymys|Pedomys|Pinemys|Pitymys|Psammomys|Sumeriomys|Sylvicola|Tetramerodon|Terricola|Tibercola|Tyrrhenicola,Microtus_oaxacensis,,Tarabundi Vole,Oaxacan Vole,,,,,,,,,,,
Microtus,ochrogaster,Microtus|Agricola|Ammomys|Arbusticola|Arvalomys|Aulacomys|Blanfordimys|Bicunedens|Campicola|Campicoloma|Chilotus|Euarvicola|Herpetomys|Iberomys|Isodelta|Meridiopitymys|Micrurus|Mynomes|Orthriomys|Parapitymys|Pedomys|Pinemys|Pitymys|Psammomys|Sumeriomys|Sylvicola|Tetramerodon|Terricola|Tibercola|Tyrrhenicola,ochrogaster|austerus|haydenii|cinnamonea|minor|ludovicianus|ohionensis|taylori|similis,,Prairie Vole,,,,,,,,,,,,
Microtus,oregoni,Microtus|Agricola|Ammomys|Arbusticola|Arvalomys|Aulacomys|Blanfordimys|Bicunedens|Campicola|Campicoloma|Chilotus|Euarvicola|Herpetomys|Iberomys|Isodelta|Meridiopitymys|Micrurus|Mynomes|Orthriomys|Parapitymys|Pedomys|Pinemys|Pitymys|Psammomys|Sumeriomys|Sylvicola|Tetramerodon|Terricola|Tibercola|Tyrrhenicola,oregoni|bairdii|serpens|morosus|adocetus|cantwelli,,Creeping Vole,Oregon Meadow Mouse|Oregon Vole,,,,,,,,,,,
Microtus,pennsylvanicus,Microtus|Agricola|Ammomys|Arbusticola|Arvalomys|Aulacomys|Blanfordimys|Bicunedens|Campicola|Campicoloma|Chilotus|Euarvicola|Herpetomys|Iberomys|Isodelta|Meridiopitymys|Micrurus|Mynomes|Orthriomys|Parapitymys|Pedomys|Pinemys|Pitymys|Psammomys|Sumeriomys|Sylvicola|Tetramerodon|Terricola|Tibercola|Tyrrhenicola,pennsylvanicus|pratensis|noveboracensis|palustris|riparius|alborufescens|hirsutus|fulva|nasuta|oneida|rufescens|dekayi|breweri|longipilis|rufidorsum|terraenovae|enixus|fontigenus|acadicus|nigrans|insularis|labradorius|nesophilus|shattucki|provectus|copelandi|magdalenensis,,Eastern Meadow Vole,Meadow Vole|Block Island Meadow Vole|Penobscot Meadow Vole|Beach Vole|Muskeget Vole,,,,,,,,,,,
Microtus,pinetorum,Microtus|Agricola|Ammomys|Arbusticola|Arvalomys|Aulacomys|Blanfordimys|Bicunedens|Campicola|Campicoloma|Chilotus|Euarvicola|Herpetomys|Iberomys|Isodelta|Meridiopitymys|Micrurus|Mynomes|Orthriomys|Parapitymys|Pedomys|Pinemys|Pitymys|Psammomys|Sumeriomys|Sylvicola|Tetramerodon|Terricola|Tibercola|Tyrrhenicola,pinetorum|scalopsoides|apella|kennicottii|auricularis|nemoralis|parvulus|schmidti|carbonarius,,Woodland Vole,Mole Mouse|Pine Mouse|Pine Vole,,,,,,,,,,,
Microtus,quasiater,Microtus|Agricola|Ammomys|Arbusticola|Arvalomys|Aulacomys|Blanfordimys|Bicunedens|Campicola|Campicoloma|Chilotus|Euarvicola|Herpetomys|Iberomys|Isodelta|Meridiopitymys|Micrurus|Mynomes|Orthriomys|Parapitymys|Pedomys|Pinemys|Pitymys|Psammomys|Sumeriomys|Sylvicola|Tetramerodon|Terricola|Tibercola|Tyrrhenicola,Arvicola_(Pitymys)_pinetorum_quasiater,,Jalapan Vole,Jalapan Pine Vole,,,,,,,,,,,
Microtus,richardsoni,Microtus|Agricola|Ammomys|Arbusticola|Arvalomys|Aulacomys|Blanfordimys|Bicunedens|Campicola|Campicoloma|Chilotus|Euarvicola|Herpetomys|Iberomys|Isodelta|Meridiopitymys|Micrurus|Mynomes|Orthriomys|Parapitymys|Pedomys|Pinemys|Pitymys|Psammomys|Sumeriomys|Sylvicola|Tetramerodon|Terricola|Tibercola|Tyrrhenicola,richardsoni|macropus|arvicoloides|principalis|myllodontus,,North American Water Vole,Richardson’s Meadow Vole|Richardson’s Vole|Richardson’s Water Vole,,,,,,,,,,,
Microtus,townsendii,Microtus|Agricola|Ammomys|Arbusticola|Arvalomys|Aulacomys|Blanfordimys|Bicunedens|Campicola|Campicoloma|Chilotus|Euarvicola|Herpetomys|Iberomys|Isodelta|Meridiopitymys|Micrurus|Mynomes|Orthriomys|Parapitymys|Pedomys|Pinemys|Pitymys|Psammomys|Sumeriomys|Sylvicola|Tetramerodon|Terricola|Tibercola|Tyrrhenicola,townsendii|occidentalis|tetramerus|cummingi|pugeti|laingi|cowani,,Townsend’s Vole,Triangle Island Vole,,,,,,,,,,,
Microtus,umbrosus,Microtus|Agricola|Ammomys|Arbusticola|Arvalomys|Aulacomys|Blanfordimys|Bicunedens|Campicola|Campicoloma|Chilotus|Euarvicola|Herpetomys|Iberomys|Isodelta|Meridiopitymys|Micrurus|Mynomes|Orthriomys|Parapitymys|Pedomys|Pinemys|Pitymys|Psammomys|Sumeriomys|Sylvicola|Tetramerodon|Terricola|Tibercola|Tyrrhenicola,Microtus_umbrosus,,Zempoaltepec Vole,,,,,,,,,,,,
Microtus,xanthognathus,Microtus|Agricola|Ammomys|Arbusticola|Arvalomys|Aulacomys|Blanfordimys|Bicunedens|Campicola|Campicoloma|Chilotus|Euarvicola|Herpetomys|Iberomys|Isodelta|Meridiopitymys|Micrurus|Mynomes|Orthriomys|Parapitymys|Pedomys|Pinemys|Pitymys|Psammomys|Sumeriomys|Sylvicola|Tetramerodon|Terricola|Tibercola|Tyrrhenicola,xanthognathus,,Taiga Vole,Chestnut-cheeked Vole|Yellow-cheeked Vole,,,,,,,,,,,
Nelsonia,goldmani,Nelsonia,Nelsonia_goldmani|cliftoni,,Goldman’s Diminutive Woodrat,Nelson and Goldman’s Woodrat,,,,,,,,,,,
Nelsonia,neotomodon,Nelsonia,Nelsonia_neotomodon,,Western Diminutive Woodrat,,,,,,,,,,,,
Neofiber,alleni,Neofiber|Schistodelta,Neofiber_alleni|nigrescens|struix|apalachicolae|exoristus,,Round-tailed Muskrat,,,,,,,,,,,,
Neotoma,albigula,Neotoma|Homodontomys|Parahodomys|Parneotoma|Teonoma|Teanopus,angusticeps|Neotoma_albigula|venusta|cumulator|grandis|seri|mearnsi|sheldoni|laplataensis|brevicauda,,White-throated Woodrat,,,,,,,,,,,,
Neotoma,angustapalata,Neotoma|Homodontomys|Parahodomys|Parneotoma|Teonoma|Teanopus,Neotoma_angustapalata,,Tamaulipan Woodrat,,,,,,,,,,,,
Neotoma,bryanti,Neotoma|Homodontomys|Parahodomys|Parneotoma|Teonoma|Teanopus,Neotoma_bryanti|californica|gilva|intermedia|sola|anthonyi|arenacea|felipensis|martinensis|nudicauda|abbreviata|perpallida|pretiosa|vivina|notia|ravida|bunkeri|latirostra|marcosensis|egressa|petricola|molagrandis|aridicola,,Bryant’s Woodrat,,,,,,,,,,,,
Neotoma,cinerea,Neotoma|Homodontomys|Parahodomys|Parneotoma|Teonoma|Teanopus,cinerea|drummondii|occidentalis|arizonae|fusca|grangeri|orolestes|rupicola|cinnamomea|columbiana|saxamans|apicalis|acraea|lucida|alticola|pulla|macrodon,,Bushy-tailed Woodrat,Packrat,,,,,,,,,,,
Neotoma,devia,Neotoma|Homodontomys|Parahodomys|Parneotoma|Teonoma|Teanopus,Neotoma_intermedia_devia|auripila|bensoni|flava|aureotunicata|harteri,,Arizona Woodrat,,,,,,,,,,,,
Neotoma,ferruginea,Neotoma|Homodontomys|Parahodomys|Parneotoma|Teonoma|Teanopus,ferruginea|isthmica|parvidens|tropicalis|solitaria|chamula|vulcani,,Guatemala Woodrat,Tomes’s Woodrat,,,,,,,,,,,
Neotoma,fuscipes,Neotoma|Homodontomys|Parahodomys|Parneotoma|Teonoma|Teanopus,Neotoma_fuscipes|monochroura|splendens|affinis|annectens|perplexa|riparia|bullatior,,Dusky-footed Woodrat,San Joaquin Valley Woodrat|Riparian Woodrat,,,,,,,,,,,
Neotoma,goldmani,Neotoma|Homodontomys|Parahodomys|Parneotoma|Teonoma|Teanopus,Neotoma_goldmani,,Goldman’s Woodrat,,,,,,,,,,,,
Neotoma,insularis,Neotoma|Homodontomys|Parahodomys|Parneotoma|Teonoma|Teanopus,Neotoma_insularis,,Angel de la Guarda Woodrat,,,,,,,,,,,,
Neotoma,lepida,Neotoma|Homodontomys|Parahodomys|Parneotoma|Teonoma|Teanopus,lepida|desertorum|bella|nevadensis|monstrabilis|marshalli|grinnelli|sanrafaeli,,Desert Woodrat,,,,,,,,,,,,
Neotoma,leucodon,Neotoma|Homodontomys|Parahodomys|Parneotoma|Teonoma|Teanopus,latifrons|Neotoma_leucodon|durangae|montezumae|zacatecae|warreni|melas|robusta|subsolana,,White-toothed Woodrat,,,,,,,,,,,,
Neotoma,macrotis,Neotoma|Homodontomys|Parahodomys|Parneotoma|Teonoma|Teanopus,macrotis|dispar|simplex|streatori|cnemophila|mohavensis|martirensis|luciana,,Big-eared Woodrat,Large-eared Woodrat,,,,,,,,,,,
Neotoma,magister,Neotoma|Homodontomys|Parahodomys|Parneotoma|Teonoma|Teanopus,N[eotoma]_magister|pennsylvanica,,Allegheny Woodrat,Appalachian Woodrat,,,,,,,,,,,
Neotoma,melanura,Neotoma|Homodontomys|Parahodomys|Parneotoma|Teonoma|Teanopus,Neotoma_intermedia_melanura,,Black-tailed Woodrat,Sonora Woodrat,,,,,,,,,,,
Neotoma,mexicana,Neotoma|Homodontomys|Parahodomys|Parneotoma|Teonoma|Teanopus,Neotoma_mexicana|torquata|tenuicauda|pinetorum|bullata|fallax|fulviventer|orizabae|sinaloae|distincta|navus|madrensis|ochracea|inopinata|inornata|atrata|griseoventer|scopulorum|eremita,,Mexican Woodrat,,,,,,,,,,,,
Neotoma,micropus,Neotoma|Homodontomys|Parahodomys|Parneotoma|Teonoma|Teanopus,Neotoma_micropus|canescens|surberi|littoralis|planiceps|leucophaea,,Southern Plains Woodrat,,,,,,,,,,,,
Neotoma,nelsoni,Neotoma|Homodontomys|Parahodomys|Parneotoma|Teonoma|Teanopus,Neotoma_nelsoni,,Nelson’s Woodrat,,,,,,,,,,,,
Neotoma,palatina,Neotoma|Homodontomys|Parahodomys|Parneotoma|Teonoma|Teanopus,Neotoma_palatina,,Bolaños Woodrat,,,,,,,,,,,,
Neotoma,phenax,Neotoma|Homodontomys|Parahodomys|Parneotoma|Teonoma|Teanopus,Teanopus_phenax,,Sonoran Woodrat,,,,,,,,,,,,
Neotoma,picta,Neotoma|Homodontomys|Parahodomys|Parneotoma|Teonoma|Teanopus,Neotoma_picta|picta,,Painted Woodrat,,,,,,,,,,,,
Neotoma,stephensi,Neotoma|Homodontomys|Parahodomys|Parneotoma|Teonoma|Teanopus,Neotoma_stephensi|relicta,,Stephens’s Woodrat,,,,,,,,,,,,
Neotomodon,alstoni,Neotomodon,Neotomodon_alstoni|orizabae|perotensis,,Volcano Deermouse,Mexican Volcano Mouse,,,,,,,,,,,
Nyctomys,sumichrasti,Nyctomys,sumichrasti|salvini|decolorus|nitellinus|venustulus|costaricensis|florencei|pallidulus|colimensis,,Sumichrast’s Vesper Rat,Vesper Rat,,,,,,,,,,,
Ochrotomys,nuttalli,Ochrotomys,Arvicola_nuttalli|aureolus|lewisi|flammeus|floridanus|lisae,,Golden Mouse,,,,,,,,,,,,
Oligoryzomys,fulvescens,Oligoryzomys,fulvescens|lenis|mayensis|engraciae|pacificus,,Fulvous Pygmy Rice Rat,Fulvous Colilargo|Northern Pygmy Rice Rat,,,,,,,,,,,
Ondatra,zibethicus,Ondatra|Fiber|Moschomys|Mussacus|Neondatra|Pliopotamys|Simotes,zibethicus|americana|albus|maculosa|nigra|osoyoosensis|niger|varius|pallidus|obscurus|rivalicius|macrodon|aquilonius|spatulatus|hudsonius|ripensis|occipitalis|cinnamominus|mergens|zalophus|niger|bernardi|goldmani,,Common Muskrat,Muskbeaver,,,,,,,,,,,
Onychomys,arenicola,Onychomys,Onychomys_torridus_arenicola|canus|surrufus,,Chihuahuan Grasshopper Mouse,Mearns’s Grasshopper Mouse,,,,,,,,,,,
Onychomys,leucogaster,Onychomys,leucogaster|missouriensis|pallidus|longipes|melanophrys|fuliginosus|pallescens|brevicaudus|arcticeps|ruidosae|albescens|breviauritus|capitulatus|fuscogriseus|utahensis|durranti,,Northern Grasshopper Mouse,,,,,,,,,,,,
Onychomys,torridus,Onychomys,Hesperomys_(Onychomys)_torridus|longicaudus|ramona|perpallidus|macrotis|pulcher|tularensis|yakiensis|clarus|ater|knoxjonesi,,Southern Grasshopper Mouse,,,,,,,,,,,,
Oryzomys,albiventer,Oryzomys|Micronectomys,Oryzomys_albiventer,,White-bellied Marsh Rice Rat,White Venter Rice Rat,,,,,,,,,,,
Oryzomys,couesi,Oryzomys|Micronectomys,couesi|aquaticus|fulgens|bulleri|jalapae|mexicanus|peninsulae|aztecus|cozumelae|crinitus|goldmani|peragrus|richmondi|rufinus|rufus|teapensis|zygomaticus|molestus|apatelius|richardsoni|gatunensis|regillus|pinicola|lambi|azuerensis,,Coues’s Marsh Rice Rat,Coues’s Oryzomys|Coues’s Rice Rat,,,,,,,,,,,
Oryzomys,nelsoni,Oryzomys|Micronectomys,Oryzomys_nelsoni,,Tres Marias Rice Rat,Tres Marias Island Rice Rat,,,,,,,,,,,
Oryzomys,palustris,Oryzomys|Micronectomys,palustris|oryzivora|natator|coloratus|planirostris|sanibeli|argentatus,,Common Marsh Rice Rat,Marsh Oryzomys|Rice Meadow Mouse|Swamp Rice Rat,,,,,,,,,,,
Oryzomys,texensis,Oryzomys|Micronectomys,Oryzomys_palustris_texensis,,Texas Marsh Rice Rat,Texan Rice Rat,,,,,,,,,,,
Osgoodomys,banderanus,Osgoodomys,Peromyscus_banderanus|vicinior,,Osgood’s Deermouse,Michoacan Deermouse,,,,,,,,,,,
Otonyctomys,hatti,Otonyctomys,Otonyctomys_hatti,,Yucatan Vesper Rat,Hatt’s Vesper Mouse|Hatt’s Vesper Rat|Yucatan Vesper Mouse,,,,,,,,,,,
Ototylomys,chiapensis,Ototylomys,chiapensis,,La Pera Climbing Rat,La Pera Big-eared Climbing Rat,,,,,,,,,,,
Ototylomys,phyllotis,Ototylomys,Ototylomys_phyllotis|phaeus|fumeus|fuatemalae|australis|connectens|affinis|brevirostris,,Big-eared Climbing Rat,,,,,,,,,,,,
Peromyscus,arcticus,Peromyscus|Haplomylomys|Sitomys|Vesperimus|Trinodontomys,arcticus,,Yukon Deermouse,,,,,,,,,,,,
Peromyscus,attwateri,Peromyscus|Haplomylomys|Sitomys|Vesperimus|Trinodontomys,Peromyscus_attwateri|bellus|laceyi|cansensis,,Texas Deermouse,Texas Mouse,,,,,,,,,,,
Peromyscus,aztecus,Peromyscus|Haplomylomys|Sitomys|Vesperimus|Trinodontomys,aztecus|Peromyscus_oaxacensis|evides|yautepecus,,Aztec Deermouse,Aztec Mouse,,,,,,,,,,,
Peromyscus,beatae,Peromyscus|Haplomylomys|Sitomys|Vesperimus|Trinodontomys,beatae|sacarensis,,Orizaba Deermouse,,,,,,,,,,,,
Peromyscus,boylii,Peromyscus|Haplomylomys|Sitomys|Vesperimus|Trinodontomys,Hesperomys_boylii|major|pinalis|robustus|rowleyi|gaurus|metallicola|parasiticus|glasselli|utahensis,,Brush Deermouse,Brush Mouse,,,,,,,,,,,
Peromyscus,bullatus,Peromyscus|Haplomylomys|Sitomys|Vesperimus|Trinodontomys,Peromyscus_bullatus,,Perote Deermouse,Perote Mouse,,,,,,,,,,,
Peromyscus,californicus,Peromyscus|Haplomylomys|Sitomys|Vesperimus|Trinodontomys,californicus|parasiticus|insignis|benitoensis|mariposae,,California Deermouse,California Mouse,,,,,,,,,,,
Peromyscus,caniceps,Peromyscus|Haplomylomys|Sitomys|Vesperimus|Trinodontomys,caniceps,,Monserrat Island Deermouse,Burt’s Deermouse|Montserrat Island Canyon Mouse,,,,,,,,,,,
Peromyscus,carletoni,Peromyscus|Haplomylomys|Sitomys|Vesperimus|Trinodontomys,carletoni,,Carleton’s Deermouse,,,,,,,,,,,,
Peromyscus,carolpattonae,Peromyscus|Haplomylomys|Sitomys|Vesperimus|Trinodontomys,carolpattonae,,Carol Patton’s Deermouse,,,,,,,,,,,,
Peromyscus,chrysopus,Peromyscus|Haplomylomys|Sitomys|Vesperimus|Trinodontomys,chrysopus,,Jalisco Deermouse,,,,,,,,,,,,
Peromyscus,crinitus,Peromyscus|Haplomylomys|Sitomys|Vesperimus|Trinodontomys,Hesperomys_crinitus|auripectus|stephensi|scitulus|petraius|pallidissimus|disparilis|peridoneus|pergracilis|delgadilli|rupicolus|scopulorum|doutii,,Canyon Deermouse,Canyon Mouse,,,,,,,,,,,
Peromyscus,dickeyi,Peromyscus|Haplomylomys|Sitomys|Vesperimus|Trinodontomys,dickeyi,,Dickey’s Deermouse,Dickey’s Mouse,,,,,,,,,,,
Peromyscus,difficilis,Peromyscus|Haplomylomys|Sitomys|Vesperimus|Trinodontomys,Vesperimus_difficilis|felipensis|amplus|petricola|saxicola,,Southern Rock Deermouse,Zacatecan Deermouse,,,,,,,,,,,
Peromyscus,eremicus,Peromyscus|Haplomylomys|Sitomys|Vesperimus|Trinodontomys,Hesperomys_eremicus|anthonyi|arenarius|tiburonensis|cedrosensis|phaeurus|avius|insulicola|polypolius|papagensis|cinereus|collatus|pullus|alcorni|sinaloensis,,Cactus Deermouse,Cactus Mouse,,,,,,,,,,,
Peromyscus,eva,Peromyscus|Haplomylomys|Sitomys|Vesperimus|Trinodontomys,eva|carmeni,,Southern Baja Deermouse,Eva’s Desert Mouse,,,,,,,,,,,
Peromyscus,fraterculus,Peromyscus|Haplomylomys|Sitomys|Vesperimus|Trinodontomys,fraterculus|herroni|nigellus|propinquus|homochroia,,Northern Baja Deermouse,,,,,,,,,,,,
Peromyscus,furvus,Peromyscus|Haplomylomys|Sitomys|Vesperimus|Trinodontomys,Peromyscus_furvus|angustirostris,,Blackish Deermouse,,,,,,,,,,,,
Peromyscus,gambelii,Peromyscus|Haplomylomys|Sitomys|Vesperimus|Trinodontomys,Hesperomys_gambelii|thurberi|clementis|medius|cineritius|coolidgei|dubius|exiguus|geronimensis|catalinae|magdalenae|margaritae|assimilis|dorsalis|elusus|exterus|santacruzae|streatori|hueyi|anacapae|sanctaerosae,,Gambel’s Deermouse,,,,,,,,,,,,
Peromyscus,gossypinus,Peromyscus|Haplomylomys|Sitomys|Vesperimus|Trinodontomys,Hesperomys_gossypinus|cognatus|megacephalus|mississippiensis|nigriculus|palmarius|anastasae|insulanus|restrictus|allapaticola|telmaphilus,,Cotton Deermouse,Cotton Mouse|Key Largo Cotton Mouse,,,,,,,,,,,
Peromyscus,gratus,Peromyscus|Haplomylomys|Sitomys|Vesperimus|Trinodontomys,Peromyscus_gratus|pavidus|gentilis|zelotes|erasmus|zapotecae,,Saxicoline Deermouse,Osgood’s Mouse,,,,,,,,,,,
Peromyscus,guardia,Peromyscus|Haplomylomys|Sitomys|Vesperimus|Trinodontomys,Peromyscus_guardia|mejiae|harbisoni,,La Guarda Deermouse,Angel Island Mouse,,,,,,,,,,,
Peromyscus,gymnotis,Peromyscus|Haplomylomys|Sitomys|Vesperimus|Trinodontomys,gymnotis|allophylus,,Naked-eared Deermouse,,,,,,,,,,,,
Peromyscus,hooperi,Peromyscus|Haplomylomys|Sitomys|Vesperimus|Trinodontomys,hooperi,,Hooper’s Deermouse,Hooper’s Mouse,,,,,,,,,,,
Peromyscus,hylocetes,Peromyscus|Haplomylomys|Sitomys|Vesperimus|Trinodontomys,Peromyscus_hylocetes,,Transvolcanic Deermouse,,,,,,,,,,,,
Peromyscus,interparietalis,Peromyscus|Haplomylomys|Sitomys|Vesperimus|Trinodontomys,interparietalis|lorenzi|ryckmani,,San Lorenzo Deermouse,San Lorenzo Mouse,,,,,,,,,,,
Peromyscus,keeni,Peromyscus|Haplomylomys|Sitomys|Vesperimus|Trinodontomys,macrorhinus|Sitomys_keeni|sitkensis|oreas|prevostensis|hylaeus|algidus|angustus|interdictus|isolatus|oceanicus|georgiensis|balaclavae|cancrivorus|doylei|maritimus|pluvialis|rubriventer|beresfordi|carli|sartinensis|triangularis,,North-western Deermouse,Keen’s Mouse,,,,,,,,,,,
Peromyscus,kilpatricki,Peromyscus|Haplomylomys|Sitomys|Vesperimus|Trinodontomys,kilpatricki,,Kilpatrick’s Deermouse,,,,,,,,,,,,
Peromyscus,labecula,Peromyscus|Haplomylomys|Sitomys|Vesperimus|Trinodontomys,Peromyscus_labecula|blandus|fulvus,,Southern Deermouse,,,,,,,,,,,,
Peromyscus,laceianus,Peromyscus|Haplomylomys|Sitomys|Vesperimus|Trinodontomys,Peromyscus_pectoralis_laceianus,,Northern White-ankled Deermouse,Lacey’s White-ankled Mouse,,,,,,,,,,,
Peromyscus,latirostris,Peromyscus|Haplomylomys|Sitomys|Vesperimus|Trinodontomys,Peromyscus_latirostris,,Wide-rostrum Deermouse,,,,,,,,,,,,
Peromyscus,leucopus,Peromyscus|Haplomylomys|Sitomys|Vesperimus|Trinodontomys,leucopus|noveboracensis|myoides|emmonsi|arboreus|michiganensis|campestris|texanus|affinis|mearnsii|arizonae|canus|tornillo|musculoides|cozulmelae|minnesotae|flaccidus|castaneus|mesomelas|ammodytes|fuscus|aridulus|ochraceus|brevicaudus|caudatus|incensus|lachiguiriensis|easti,,White-footed Deermouse,White-footed Mouse,,,,,,,,,,,
Peromyscus,leucurus,Peromyscus|Haplomylomys|Sitomys|Vesperimus|Trinodontomys,leucurus,,Tehuantepec Deermouse,,,,,,,,,,,,
Peromyscus,levipes,Peromyscus|Haplomylomys|Sitomys|Vesperimus|Trinodontomys,Peromyscus_levipes|ambiguus,,Nimble-footed Deermouse,Nimble-footed Mouse,,,,,,,,,,,
Peromyscus,madrensis,Peromyscus|Haplomylomys|Sitomys|Vesperimus|Trinodontomys,Peromyscus_madrensis,,Tres Marias Deermouse,,,,,,,,,,,,
Peromyscus,maniculatus,Peromyscus|Haplomylomys|Sitomys|Vesperimus|Trinodontomys,maniculatus|gracilis|bairdi|abietorium|nubiterrae|argentatus|eremus|anticostiensis|plumbeus,,Eastern Deermouse,North American Deermouse,,,,,,,,,,,
Peromyscus,megalops,Peromyscus|Haplomylomys|Sitomys|Vesperimus|Trinodontomys,auritus|comptus|Peromyscus_megalops,,Broad-faced Deermouse,Brown Deermouse,,,,,,,,,,,
Peromyscus,mekisturus,Peromyscus|Haplomylomys|Sitomys|Vesperimus|Trinodontomys,Peromyscus_mekisturus,,Puebla Deermouse,,,,,,,,,,,,
Peromyscus,melanocarpus,Peromyscus|Haplomylomys|Sitomys|Vesperimus|Trinodontomys,Peromyscus_melanocarpus,,Black-wristed Deermouse,,,,,,,,,,,,
Peromyscus,melanophrys,Peromyscus|Haplomylomys|Sitomys|Vesperimus|Trinodontomys,Hesperomys_(Vesperimus)_melanophrys|gadovii,,Plateau Deermouse,Plateau Mouse|Black-eyed Deermouse,,,,,,,,,,,
Peromyscus,melanotis,Peromyscus|Haplomylomys|Sitomys|Vesperimus|Trinodontomys,Peromyscus_melanotis|cecilii|zamelas,,Black-eared Deermouse,Black-eared Mouse,,,,,,,,,,,
Peromyscus,melanurus,Peromyscus|Haplomylomys|Sitomys|Vesperimus|Trinodontomys,Peromyscus_megalops_melanurus,,Black-tailed Deermouse,Black-tailed Mouse,,,,,,,,,,,
Peromyscus,merriami,Peromyscus|Haplomylomys|Sitomys|Vesperimus|Trinodontomys,Peromyscus_merriami|goldmani,,Merriam’s Deermouse,Merriam’s Mouse|Mesquite Mouse,,,,,,,,,,,
Peromyscus,mexicanus,Peromyscus|Haplomylomys|Sitomys|Vesperimus|Trinodontomys,mexicanus|orizabae|saxatilis|tehuantepecus|cacabatus|altilaneus|angelensis|teapensis|philombrius|sloeops|azulensis|coatlanensis|putlaensis,,Mexican Deermouse,,,,,,,,,,,,
Peromyscus,micropus,Peromyscus|Haplomylomys|Sitomys|Vesperimus|Trinodontomys,micropus,,Small-footed Deermouse,,,,,,,,,,,,
Peromyscus,nasutus,Peromyscus|Haplomylomys|Sitomys|Vesperimus|Trinodontomys,Vesperimus_nasutus|penicillatus|griseus,,Northern Rock Deermouse,Northern Rock Mouse,,,,,,,,,,,
Peromyscus,ochraventer,Peromyscus|Haplomylomys|Sitomys|Vesperimus|Trinodontomys,Peromyscus_ochraventer,,El Carrizo Deermouse,,,,,,,,,,,,
Peromyscus,pectoralis,Peromyscus|Haplomylomys|Sitomys|Vesperimus|Trinodontomys,eremicoides|Peromyscus_attwateri_pectoralis|collinus|zimmermani,,Southern White-ankled Deermouse,Encinal Mouse,,,,,,,,,,,
Peromyscus,pembertoni,Peromyscus|Haplomylomys|Sitomys|Vesperimus|Trinodontomys,pembertoni,,Pemberton’s Deer Mouse,,,,,,,,,,,,
Peromyscus,perfulvus,Peromyscus|Haplomylomys|Sitomys|Vesperimus|Trinodontomys,Peromyscus_perfulvus,,Tawny Deermouse,Marsh Mouse,,,,,,,,,,,
Peromyscus,polionotus,Peromyscus|Haplomylomys|Sitomys|Vesperimus|Trinodontomys,polionotus|niveiventris|subgriseus|arenarius|baliolus|phasma|rhoadsi|albifrons|leucocephalus|decoloratus|peninsularis|colemani|lucubrans|allophrys|ammobates|griseobracatus|sumneri|trissyllepsis,,Oldfield Deermouse,Beach Mouse|Alabama Beach Mouse|Anastasia Island Beach Mouse|Choctawhatchee Beach Mouse|Perdido Key Beach Mouse|Saint Andrews Beach Mouse,,,,,,,,,,,
Peromyscus,polius,Peromyscus|Haplomylomys|Sitomys|Vesperimus|Trinodontomys,Peromyscus_polius,,Chihuahuan Deermouse,Chihuahuan Mouse,,,,,,,,,,,
Peromyscus,pseudocrinitus,Peromyscus|Haplomylomys|Sitomys|Vesperimus|Trinodontomys,pseudocrinitus,,Coronados Deermouse,False Canyon Mouse,,,,,,,,,,,
Peromyscus,purepechus,Peromyscus|Haplomylomys|Sitomys|Vesperimus|Trinodontomys,purepechus,,Purepechus Deermouse,,,,,,,,,,,,
Peromyscus,sagax,Peromyscus|Haplomylomys|Sitomys|Vesperimus|Trinodontomys,Peromyscus_sagax,,Michoacan Deermouse,,,,,,,,,,,,
Peromyscus,schmidlyi,Peromyscus|Haplomylomys|Sitomys|Vesperimus|Trinodontomys,schmidlyi,,Durango Deermouse,Schmidly’s Deermouse,,,,,,,,,,,
Peromyscus,sejugis,Peromyscus|Haplomylomys|Sitomys|Vesperimus|Trinodontomys,sejugis,,Santa Cruz Deermouse,Santa Cruz Island Mouse,,,,,,,,,,,
Peromyscus,simulus,Peromyscus|Haplomylomys|Sitomys|Vesperimus|Trinodontomys,Peromyscus_spicilegus_simulus,,Sinaloan Deermouse,Nayarit Deermouse|Nayarit Mouse|Sinaloan Mouse,,,,,,,,,,,
Peromyscus,slevini,Peromyscus|Haplomylomys|Sitomys|Vesperimus|Trinodontomys,slevini,,Catalina Deermouse,Slevin’s Mouse,,,,,,,,,,,
Peromyscus,sonoriensis,Peromyscus|Haplomylomys|Sitomys|Vesperimus|Trinodontomys,Hesp[eromys]_sonoriensis|austerus|nebrascensis|borealis|rufinus|artemisiae|pallescens|saturatus|rubidus|luteus|hollisteri|ozarkiarum|alpinus|inclarus|serratus|saxamans,,Western Deermouse,,,,,,,,,,,,
Peromyscus,spicilegus,Peromyscus|Haplomylomys|Sitomys|Vesperimus|Trinodontomys,Peromyscus_spicilegus,,Gleaning Deermouse,Gleaning Mouse,,,,,,,,,,,
Peromyscus,stephani,Peromyscus|Haplomylomys|Sitomys|Vesperimus|Trinodontomys,Peromyscus_stephani,,San Esteban Deermouse,,,,,,,,,,,,
Peromyscus,truei,Peromyscus|Haplomylomys|Sitomys|Vesperimus|Trinodontomys,Hesperomys_truei|megalotis|gilberti|martirensis|dyselius|hemionotis|lasius|montipinoris|lagunae|preblei|nevadensis|chlorus|sequoiensis|comanche,,Pinyon Deermouse,Pinyon Mouse,,,,,,,,,,,
Peromyscus,winkelmanni,Peromyscus|Haplomylomys|Sitomys|Vesperimus|Trinodontomys,winkelmanni,,Coalcoman Deermouse,Forest Mouse|Winkelmann’s Deermouse|Winkelmann’s Mouse,,,,,,,,,,,
Peromyscus,yucatanicus,Peromyscus|Haplomylomys|Sitomys|Vesperimus|Trinodontomys,Peromyscus_yucatanicus|badius,,Yucatan Deermouse,,,,,,,,,,,,
Peromyscus,zamorae,Peromyscus|Haplomylomys|Sitomys|Vesperimus|Trinodontomys,consobrinus|Peromyscus_melanophrys_zamorae|xenurus|coahuilensis,,Zamora Deermouse,,,,,,,,,,,,
Peromyscus,zarhynchus,Peromyscus|Haplomylomys|Sitomys|Vesperimus|Trinodontomys,cristobalensis|Peromyscus_zarhynchus,,Chiapan Deermouse,,,,,,,,,,,,
Phenacomys,intermedius,Phenacomys|Propliophenacomys,intermedius|orophilus|truei|oramontis|preblei|constablei|olympicus|pumilus|celsus|levis|laingi,,Western Heather Vole,,,,,,,,,,,,
Phenacomys,ungava,Phenacomys|Propliophenacomys,celatus|latimanus|Phenacomys_ungava|crassus|mackenzii|soperi,,Eastern Heather Vole,,,,,,,,,,,,
Podomys,floridanus,Podomys,Hesperomys_floridanus,,Florida Deermouse,Florida Mouse,,,,,,,,,,,
Reithrodontomys,bakeri,Reithrodontomys|Aporodon|Cudahyomys|Ochetodon,bakeri,,Baker’s Harvest Mouse,Baker’s Small-toothed Harvest Mouse,,,,,,,,,,,
Reithrodontomys,burti,Reithrodontomys|Aporodon|Cudahyomys|Ochetodon,burti,,Sonoran Harvest Mouse,,,,,,,,,,,,
Reithrodontomys,chrysopsis,Reithrodontomys|Aporodon|Cudahyomys|Ochetodon,colimae|orizabae|perotensis|Reithrodontomys_chrysopsis|tolucae,,Volcano Harvest Mouse,,,,,,,,,,,,
Reithrodontomys,fulvescens,Reithrodontomys|Aporodon|Cudahyomys|Ochetodon,Reithrodontomys_mexicanus_fulvescens|aurantius|intermedius|laceyi|chrysotis|tenuis|difficilis|griseoflavus|helvolus|toltecus|inexspectatus|amoenus|chiapensis|mustelinus|nelsoni|canus|tropicalis|infernatis|meridionalis,,Fulvous Harvest Mouse,,,,,,,,,,,,
Reithrodontomys,gracilis,Reithrodontomys|Aporodon|Cudahyomys|Ochetodon,Reithrodontomys_mexicanus_gracilis|anthonyi|pacificus|harrisi|insularis,,Slender Harvest Mouse,,,,,,,,,,,,
Reithrodontomys,hirsutus,Reithrodontomys|Aporodon|Cudahyomys|Ochetodon,levipes|Reithrodontomys_hirsutus,,Hairy Harvest Mouse,,,,,,,,,,,,
Reithrodontomys,humulis,Reithrodontomys|Aporodon|Cudahyomys|Ochetodon,humulis|carolinensis|lecontii|dickinsoni|merriami|impiger|virginianus,,Eastern Harvest Mouse,,,,,,,,,,,,
Reithrodontomys,megalotis,Reithrodontomys|Aporodon|Cudahyomys|Ochetodon,longicaudus|Reithrodon_megalotis|aztecus|pallidus|arizonensis|deserti|dychei|nebrascensis|saturatus|klamathensis|alticolus|cinereus|peninsulae|sestinensis|catalinae|amoles|nigrescens|limicola|caryi|distichlis|ravus|pectoralis|santacruzae|hooperi,,Western Harvest Mouse,Southern Marsh Harvest Mouse,,,,,,,,,,,
Reithrodontomys,mexicanus,Reithrodontomys|Aporodon|Cudahyomys|Ochetodon,mexicanus|soederstroemi|goldmani|jalapae|milleri|howelli|lucifrons|minusculus|ocotepequensis|eremicus|orinus|scansor|riparius,,Mexican Harvest Mouse,,,,,,,,,,,,
Reithrodontomys,microdon,Reithrodontomys|Aporodon|Cudahyomys|Ochetodon,albilabris|Reithrodontomys_microdon|wagneri,,Small-toothed Harvest Mouse,,,,,,,,,,,,
Reithrodontomys,montanus,Reithrodontomys|Aporodon|Cudahyomys|Ochetodon,Reithrodon_montanus|albescens|griseus,,Plains Harvest Mouse,,,,,,,,,,,,
Reithrodontomys,raviventris,Reithrodontomys|Aporodon|Cudahyomys|Ochetodon,Reithrodontomys_raviventris|halicoetes,,Salt-marsh Harvest Mouse,,,,,,,,,,,,
Reithrodontomys,spectabilis,Reithrodontomys|Aporodon|Cudahyomys|Ochetodon,Reithrodontomys_spectabilis,,Cozumel Harvest Mouse,,,,,,,,,,,,
Reithrodontomys,sumichrasti,Reithrodontomys|Aporodon|Cudahyomys|Ochetodon,sumichrasti|australis|rufescens|dorsalis|nerterus|otus|vulcanius|modestus|alleni|luteolus|underwoodi|seclusus,,Sumichrast’s Harvest Mouse,,,,,,,,,,,,
Reithrodontomys,tenuirostris,Reithrodontomys|Aporodon|Cudahyomys|Ochetodon,aureus|Reithrodontomys_tenuirostris,,Narrow-nosed Harvest Mouse,,,,,,,,,,,,
Reithrodontomys,zacatecae,Reithrodontomys|Aporodon|Cudahyomys|Ochetodon,obscurus|Reithrodontomys_megalotis_zacatecae,,Zacatecan Harvest Mouse,,,,,,,,,,,,
Rheomys,mexicanus,Rheomys|Neorheomys,Rheomys_(Neorheomys)_mexicanus,,Mexican Water Mouse,Goodwin’s Water Mouse|Mexican Ichthyomyine,,,,,,,,,,,
Rheomys,thomasi,Rheomys|Neorheomys,stirtoni|thomasi|chiapensis,,Thomas’s Water Mouse,Thomas’ Ichthyomyine,,,,,,,,,,,
Scotinomys,teguina,Scotinomys,teguina|apricus|irazu|rufoniger|subnubilis|episcopis|garichensis|leridensis|cacabatus|escazuensis|endersi|stenopygius,,Short-tailed Singing Mouse,Alston’s Brown Mouse|Alston’s Singing Mouse,,,,,,,,,,,
Sigmodon,alleni,Sigmodon|Deilemys|Lasiomys|Sigmomys,Sigmodon_alleni|vulcani|guerrerensis|macdougalli|macrodon,,Allen’s Cotton Rat,Brown Cotton Rat,,,,,,,,,,,
Sigmodon,arizonae,Sigmodon|Deilemys|Lasiomys|Sigmomys,Sigmodon_hispidus_arizonae|major|jacksoni|cienegae|plenus,,Arizona Cotton Rat,Colorado River Cotton Rat,,,,,,,,,,,
Sigmodon,fulviventer,Sigmodon|Deilemys|Lasiomys|Sigmomys,Sigmodon_fulviventer|minimus|melanotis|goldmani|woodi|dalquesti,,Tawny-bellied Cotton Rat,,,,,,,,,,,,
Sigmodon,hirsutus,Sigmodon|Deilemys|Lasiomys|Sigmomys,hirsutus|bogotensis|sanctaemartae,,Burmeister’s Cotton Rat,Southern Cotton Rat,,,,,,,,,,,
Sigmodon,hispidus,Sigmodon|Deilemys|Lasiomys|Sigmomys,hispidus|texianus|berlandieri|littoralis|eremicus|pallidus|spadicipygus|confinis|exsputus|floridanus|insulicola|virginianus|alfredi|komareki|solus,,Hispid Cotton Rat,,,,,,,,,,,,
Sigmodon,leucotis,Sigmodon|Deilemys|Lasiomys|Sigmomys,alticola|amoles|Sigmodon_leucotis,,White-eared Cotton Rat,,,,,,,,,,,,
Sigmodon,mascotensis,Sigmodon|Deilemys|Lasiomys|Sigmomys,colimae|Sigmodon_mascotensis|tonalensis|inexoratus|atratus|obvelatus|ischyrus,,West Mexican Cotton Rat,Jaliscan Cotton Rat,,,,,,,,,,,
Sigmodon,ochrognathus,Sigmodon|Deilemys|Lasiomys|Sigmomys,Sigmodon_ochrognathus|baileyi|montanus|madrensis,,Yellow-nosed Cotton Rat,,,,,,,,,,,,
Sigmodon,planifrons,Sigmodon|Deilemys|Lasiomys|Sigmomys,Sigmodon_planifrons|minor|setzeri,,Miahuatlan Cotton Rat,,,,,,,,,,,,
Sigmodon,toltecus,Sigmodon|Deilemys|Lasiomys|Sigmomys,toltecus|microdon|saturatus|furvus|fervidus,,Toltec Cotton Rat,,,,,,,,,,,,
Sigmodon,zanjonensis,Sigmodon|Deilemys|Lasiomys|Sigmomys,Sigmodon_zanjonensis|villae,,Montane Cotton Rat,,,,,,,,,,,,
Synaptomys,borealis,Synaptomys|Mictomys|Kentuckomys|Metaxyomys|Praesynaptomys,borealis|innuitus|dalli|truei|wrangeli|sphagnicola|medioximus|bullatus|andersoni|chapmani|artemisiae|smithi,,Northern Bog Lemming,Okanagan Bog Lemming,,,,,,,,,,,
Synaptomys,cooperi,Synaptomys|Mictomys|Kentuckomys|Metaxyomys|Praesynaptomys,Synaptomys_cooperi|gossii|stonei|fatuus|helaletes|paludis|saturatus|kentucki|relictus|jesseni,,Southern Bog Lemming,Kansas Bog Lemming|Southern Lemming Mouse,,,,,,,,,,,
Tylomys,bullaris,Tylomys,Tylomys_bullaris,,Chiapan Climbing Rat,,,,,,,,,,,,
Tylomys,nudicaudus,Tylomys,nudicaudus|gymnurus|microdon|villai,,Peters’s Climbing Rat,,,,,,,,,,,,
Tylomys,tumbalensis,Tylomys,Tylomys_tumbalensis,,Tumbala Climbing Rat,,,,,,,,,,,,
Xenomys,nelsoni,Xenomys,Xenomys_nelsoni,,Magdalena Woodrat,Magdalena Rat,,,,,,,,,,,
Cuniculus,paca,Cuniculus|Agouti|Caelogenus|Caelogenys|Coelogenus|Coelogenys|Mamcoelogenysus|Osteopera|Paca|Stictomys,paca|alba|fulvus|subniger|maculata|rufa|platycephala|laticeps|rugiceps|fuscus|sublaevis|americana|virgatus|mexianae|nelsoni|guanta|venezuelica|silvagarciae,,Lowland Paca,Paca|Spotted Paca,,,,,,,,,,,
Dasyprocta,mexicana,Dasyprocta|Chloromys|Cloromis|Mamdasyproctaus,mexicana,,Mexican Agouti,Mexican Black Agouti,,,,,,,,,,,
Dasyprocta,punctata,Dasyprocta|Chloromys|Cloromis|Mamdasyproctaus,punctata|isthmica|colombiana|callida|chiapensis|dariensis|yucatanica|candelensis|chocoensis|nuchalis|pandora|richmondi|underwoodi|pallidiventris|bellula|zuliae,,Central American Agouti,,,,,,,,,,,,
Coendou,mexicanus,Coendou|Coandu|Coendu|Coendus|Cuandu|Echinoprocta|Sphiggurus|Cercolabes|Sinethere|Sinotherus|Synetheres,mexicanus|liebmani|yucataniae|laenatus,,Mexican Hairy Porcupine,Mexican Hairy Dwarf Porcupine|Mexican Porcupine|Mexican Tree Porcupine,,,,,,,,,,,
Erethizon,dorsatum,Erethizon|Erethison|Eretison|Eretizon|Erithizon|Erythizon,dorsatum|epixanthus|couesi|myops|picinum|nigrescens|bruneri|doani,,North American Porcupine,Quiller|Quill Pig,,,,,,,,,,,
Cratogeomys,castanops,Cratogeomys|Craterogeomys|Platygeomys,Pseudostoma_castanops|clarkii|angusticeps|consitus|convexus|excelsus|hirtus|lacrimalis|perplanus|subsimus|tamaulipensis|bullatus|jucundus|sordidulus|ustulatus|parviceps|perexiguus|pratensis|simulans|surculus|torridus|dalquesti,,Yellow-faced Pocket Gopher,,,,,,,,,,,,
Cratogeomys,fulvescens,Cratogeomys|Craterogeomys|Platygeomys,Cratogeomys_fulvescens,,Oriental Basin Pocket Gopher,Fulvous Pocket Gopher,,,,,,,,,,,
Cratogeomys,fumosus,Cratogeomys|Craterogeomys|Platygeomys,Geomys_fumosus|gymnurus|tylorhinus|neglectus|angustirostris|imparilis|inclarus|varius|zinseri|arvalis|atratus|morulus|tellus|zodius|brevirostris|russelli,,Smoky Pocket Gopher,,,,,,,,,,,,
Cratogeomys,goldmani,Cratogeomys|Craterogeomys|Platygeomys,Cratogeomys_castanops_goldmani|peridoneus|planifrons|rubellus|subnubilus|elibatus|maculatus,,Goldman’s Pocket Gopher,Goldman’s Yellow-faced Pocket Gopher,,,,,,,,,,,
Cratogeomys,merriami,Cratogeomys|Craterogeomys|Platygeomys,merriami|estor|oreocetes|peregrinus|irolonis|saccharalis|peraltus,,Merriam’s Pocket Gopher,,,,,,,,,,,,
Cratogeomys,perotensis,Cratogeomys|Craterogeomys|Platygeomys,Cratogeomys_perotensis,,Cofre de Perote Pocket Gopher,,,,,,,,,,,,
Cratogeomys,planiceps,Cratogeomys|Craterogeomys|Platygeomys,Platygeomys_planiceps,,Volcan de Toluca Pocket Gopher,,,,,,,,,,,,
Geomys,arenarius,Geomys|Ascomys|Diplostoma|Mamgeomyscus|Neterogeomys|Parageomys|Progeomys|Pseudostoma|Saccophorus,Geomys_arenarius|brevirostris,,Desert Pocket Gopher,Sand Pocket Gopher|Rio Grande Pocket Gopher|Tularosa Pocket Gopher,,,,,,,,,,,
Geomys,attwateri,Geomys|Ascomys|Diplostoma|Mamgeomyscus|Neterogeomys|Parageomys|Progeomys|Pseudostoma|Saccophorus,Geomys_breviceps_attwateri|ammophilus,,Attwater’s Pocket Gopher,Victoria Pocket Gopher,,,,,,,,,,,
Geomys,breviceps,Geomys|Ascomys|Diplostoma|Mamgeomyscus|Neterogeomys|Parageomys|Progeomys|Pseudostoma|Saccophorus,Geomys_breviceps|sagittalis|brazensis|dutcheri|ludemani|pratincolus|terricolus,,Baird’s Pocket Gopher,Louisiana Pocket Gopher|Mer Rouge Pocket Gopher,,,,,,,,,,,
Geomys,bursarius,Geomys|Ascomys|Diplostoma|Mamgeomyscus|Neterogeomys|Parageomys|Progeomys|Pseudostoma|Saccophorus,bursarius|alba|fusca|saccatus|canadensis|illinoensis|majusculus|major|industrius|wisconsinensis|missouriensis|ozarkensis,,Plains Pocket Gopher,Mississippi Valley Pocket Gopher,,,,,,,,,,,
Geomys,jugossicularis,Geomys|Ascomys|Diplostoma|Mamgeomyscus|Neterogeomys|Parageomys|Progeomys|Pseudostoma|Saccophorus,jugossicularis|halli,,Hall’s Pocket Gopher,Colorado Pocket Gopher,,,,,,,,,,,
Geomys,knoxjonesi,Geomys|Ascomys|Diplostoma|Mamgeomyscus|Neterogeomys|Parageomys|Progeomys|Pseudostoma|Saccophorus,knoxjonesi,,Jones’s Pocket Gopher,Knox Jones’s Pocket Gopher,,,,,,,,,,,
Geomys,lutescens,Geomys|Ascomys|Diplostoma|Mamgeomyscus|Neterogeomys|Parageomys|Progeomys|Pseudostoma|Saccophorus,Geomys_bursarius_lutescens|hylaeus|levisagittalis|vinaceus,,Sand Hills Pocket Gopher,Pale Pocket Gopher,,,,,,,,,,,
Geomys,personatus,Geomys|Ascomys|Diplostoma|Mamgeomyscus|Neterogeomys|Parageomys|Progeomys|Pseudostoma|Saccophorus,Geomys_personatus|fallax|fuscus|maritimus|megapotamus|davisi,,Texas Pocket Gopher,Masked Pocket Gopher|South Texas Pocket Gopher|Del Rio Pocket Gopher|Nueces Pocket Gopher|Padre Island Pocket Gopher|Rio Grande Pocket Gopher|Seaside Pocket Gopher,,,,,,,,,,,
Geomys,pinetis,Geomys|Ascomys|Diplostoma|Mamgeomyscus|Neterogeomys|Parageomys|Progeomys|Pseudostoma|Saccophorus,tuza|pinetis|floridanus|mobilensis|austrinus|colonus|cumberlandius|fontanelus|goffi,,South-eastern Pocket Gopher,Sandy Mounder|Colonial Pocket Gopher|Cumberland Island Pocket Gopher|Goff’s Pocket Gopher|Sherman’s Pocket Gopher,,,,,,,,,,,
Geomys,streckeri,Geomys|Ascomys|Diplostoma|Mamgeomyscus|Neterogeomys|Parageomys|Progeomys|Pseudostoma|Saccophorus,streckeri,,Strecker’s Pocket Gopher,Carrizo Springs Pocket Gopher,,,,,,,,,,,
Geomys,texensis,Geomys|Ascomys|Diplostoma|Mamgeomyscus|Neterogeomys|Parageomys|Progeomys|Pseudostoma|Saccophorus,Geomys_texensis|llanensis|bakeri,,Llano Pocket Gopher,Central Texas Pocket Gopher,,,,,,,,,,,
Geomys,tropicalis,Geomys|Ascomys|Diplostoma|Mamgeomyscus|Neterogeomys|Parageomys|Progeomys|Pseudostoma|Saccophorus,tropicalis,,Tropical Pocket Gopher,,,,,,,,,,,,
Heterogeomys,hispidus,Heterogeomys|Macrogeomys,Geomys_hispidus|torridus|chiapensis|concavus|isthmicus|yucatanensis|cayoensis|teapensis|tehuantepecus|negatus|latirostris|hondurensis,,Hispid Pocket Gopher,,,,,,,,,,,,
Heterogeomys,lanius,Heterogeomys|Macrogeomys,Heterogeomys_lanius,,Big Pocket Gopher,,,,,,,,,,,,
Orthogeomys,grandis,Orthogeomys,grandis|scalops|latifrons|nelsoni|cuniculus|pygacanthus|alleni|felipensis|guerrerensis|vulcani|annexus|pluto|huixtlae|soconuscensis|carbo|engelhardi|alvarezi,,Giant Pocket Gopher,Oaxacan Pocket Gopher,,,,,,,,,,,
Pappogeomys,bulleri,Pappogeomys,bulleri|albinasus|nelsoni|amecensis|burti|flammeus|lagunensis|nayaritensis|alcorni|infuscus|lutulentus|melanurus,,Buller’s Pocket Gopher,Alcorn’s Pocket Gopher,,,,,,,,,,,
Thomomys,atrovarius,Thomomys|Plesiothomomys|Tomomys|Megascapheus,atrovarius|extimus|musculus|parviceps,,Black-and-Brown Pocket Gopher,,,,,,,,,,,,
Thomomys,bottae,Thomomys|Plesiothomomys|Tomomys|Megascapheus,bottae|fulvus|laticeps|perpallidus|aureus|toltecus|altivallis|cervinus|nigricans|pallescens|alpinus|angularis|leucodon|operarius|anitae|martirensis|alticolus|baileyi|cabezonae|desertorum|latirostris|navus|pascalis|perditus|perpes|pervagus|sinaloae|lachuguilla|texensis|aphrastus|scapterus|awahnee|mewa|magdalenae|russeolus|apache|canus|albatus|chrysonotus|diaboli|infrapallidus|jacinteus|mearnsi|minor|neglectus|puertae|melanotis|mohavensis|amargosae|solitarius|abbotti|suboles|cactophilus|albicaudatus|aureiventris|centralis|absonus|argusensis|catalinae|catavinensis|collinus|dissimilis|flavidus|grahamensis|modicus|osgoodi|peramplus|planirostris|providentialis|pusillus|brevidens|cinereus|curtatus|depressus|fumosus|ingens|lacrymalis|lucidus|nanus|nasutus|oreoecus|ruidosae|tularosae|alexandrae|mutabilis|phasma|phelleoecus|subsimilis|chiricahuae|convergens|divergens|proximus|saxatilis|simulus|trumbullensis|vanrosseni|winthropi|abstrusus|acrirostratus|agricolaris|concisor|detumidus|extenuates|latus|opulentus|silvifugus|vescus|confinalis|connectens|depauperatus|desitus|guadalupensis|harquahalae|howelli|hualpaiensis|internatus|limitaris|muralis|nesophilus|optabilis|patulus|pectoralis|piutensis|riparius|aridicola|birdseyei|camoae|comobabiensis|growlerensis|tivius|virgineus|wahwahensis|alienus|analogus|hueyi|lucrificus|nicholi|parvulus|pervarius|pinalensis|spatiosus|sturgisi|aderrans|boregoensis|convexus|estanciae|imitabilis|incomptus|limpiae|minimus|occipitalis|basilicae|collis|litoris|lorenzi|morulus|paguatae|planorum|scotophilus|crassus|rupestris|lenis|levidensis|operosus|affinis|borjasensis|cunicularius|jojobae|juarezensis|proximarinus|sanctidiegi|siccovallis|xerophilus|bonnevillei|contractus|robustus|sevieri|stansburyi|homorus|rhizophagus|ruricola|actuosus|cultellus|boreorarius|angustidens|humilis|retractus|villai|cedrinus|powelli|rufidulus|rubidus|caneloensis|carri|brazierhowelli|varus|robertbakeri,,Botta’s Pocket Gopher,Valley Pocket Gopher,,,,,,,,,,,
Thomomys,bulbivorus,Thomomys|Plesiothomomys|Tomomys|Megascapheus,bulbivorus,,Camas Pocket Gopher,Camas Rat,,,,,,,,,,,
Thomomys,clusius,Thomomys|Plesiothomomys|Tomomys|Megascapheus,Thomomys_clusius,,Wyoming Pocket Gopher,,,,,,,,,,,,
Thomomys,idahoensis,Thomomys|Plesiothomomys|Tomomys|Megascapheus,pygmaeus|Thomomys_idahoensis|sonfinus,,Idaho Pocket Gopher,Bitterroot Valley Pocket Gopher|Hamilton Pocket Gopher|Pygmy Pocket Gopher,,,,,,,,,,,
Thomomys,mazama,Thomomys|Plesiothomomys|Tomomys|Megascapheus,nasicus|Thomomys_mazama|melanops|yelmensis|hesperus|niger|oregonus|helleri|premaxillaris|tacomensis|couchi|glacialis|pugetensis|tumuli|louiei,,Western Pocket Gopher,Mazama Pocket Gopher|Puget Sound Pocket Gopher|Tacoma Pocket Gopher,,,,,,,,,,,
Thomomys,monticola,Thomomys|Plesiothomomys|Tomomys|Megascapheus,Thomomys_monticolus|pinetorum,,Mountain Pocket Gopher,California Mountain Pocket Gopher|Sierra Nevada Pocket Gopher,,,,,,,,,,,
Thomomys,nayarensis,Thomomys|Plesiothomomys|Tomomys|Megascapheus,nayarensis,,Nayar Pocket Gopher,,,,,,,,,,,,
Thomomys,sheldoni,Thomomys|Plesiothomomys|Tomomys|Megascapheus,Thomomys_sheldoni|chihuahuae|crassidens,,Sierra Madre Occidental Pocket Gopher,Sheldon Pocket Gopher,,,,,,,,,,,
Thomomys,talpoides,Thomomys|Plesiothomomys|Tomomys|Megascapheus,talpoides|douglasii|borealis|rufescens|unisulcatus|fuscus|fossor|quadratus|bridgeri|fisheri|limosus|ocius|uinta|agrestis|bullatus|caryi|columbianus|loringi|nebulosus|pryori|saturatus|shawi|falcifer|macrotis|wallowa|monoensis|kaibabensis|levis|moorei|parowanensis|andersoni|devexus|gracilis|immunis|incensus|kelloggi|medius|oquirrhensis|relicinus|tenellus|trivialis|yakimensis|taylori|cheyennensis|pierreicolus|aequalidens|ravus|wasatchensis|durranti|attenuatus|meritus|retrorsus|rostralis|whitmani|cognatus|segregatus,,Northern Pocket Gopher,Vancouver Pocket Gopher,,,,,,,,,,,
Thomomys,townsendii,Thomomys|Plesiothomomys|Tomomys|Megascapheus,Geomys_townsendii|nevadensis|atrogriseus|relictus|bachmani|elkoensis|owyhensis,,Townsend’s Pocket Gopher,,,,,,,,,,,,
Thomomys,umbrinus,Thomomys|Plesiothomomys|Tomomys|Megascapheus,umbrinus|orizabae|peregrinus|intermedius|goldmani|nelsoni|burti|emotus|albigularis|atrodorsalis|caliginosus|durangi|enixus|evexus|madrensis|martinensis|potosinus|quercinus|sonoriensis|supernus|tolucae|vulcanius|zacatecae|pullus|arriagensis|newmani|camargensis|juntae,,Southern Pocket Gopher,Animas Mountains Pocket Gopher,,,,,,,,,,,
Zygogeomys,trichopus,Zygogeomys|Gygogeomys,Zygogeomys_trichopus|tarascensis,,Michoacan Pocket Gopher,,,,,,,,,,,,
Chaetodipus,ammophilus,Chaetodipus|Burtognathus,Perognathus_penicillatus_ammophilus|sublucidus|dalquesti,,Dalquest’s Pocket Mouse,,,,,,,,,,,,
Chaetodipus,arenarius,Chaetodipus|Burtognathus,arenarius|helleri|albulus|albescens|ambiguus|mexicalis|paralios|sabulosus|ramirezpulidoi,,Little Desert Pocket Mouse,Sand Pocket Mouse,,,,,,,,,,,
Chaetodipus,artus,Chaetodipus|Burtognathus,Perognathus_artus,,Narrow-skulled Pocket Mouse,,,,,,,,,,,,
Chaetodipus,baileyi,Chaetodipus|Burtognathus,Perognathus_baileyi|insularis|domensis,,Bailey’s Pocket Mouse,,,,,,,,,,,,
Chaetodipus,californicus,Chaetodipus|Burtognathus,armatus|Perognathus_californicus|femoralis|dispar|mesopolius|ochrus|bernardinus|bensoni|marinensis,,California Pocket Mouse,,,,,,,,,,,,
Chaetodipus,collis,Chaetodipus|Burtognathus,collis|popei|mapimiensis,,Highland Coarse-haired Pocket Mouse,,,,,,,,,,,,
Chaetodipus,durangae,Chaetodipus|Burtognathus,durangae,,Durango Coarse-haired Pocket Mouse,,,,,,,,,,,,
Chaetodipus,eremicus,Chaetodipus|Burtognathus,Perognathus_(Chaetodipus)_eremicus|atrodorsalis,,Chihuahuan Desert Pocket Mouse,Chihuahuan Pocket Mouse|Eastern Desert Pocket Mouse,,,,,,,,,,,
Chaetodipus,fallax,Chaetodipus|Burtognathus,Perognathus_fallax|anthonyi|pallidus|inopinus|majusculus|xerotrophicus,,San Diego Pocket Mouse,Short-eared Pocket Mouse|Anthony’s Pocket Mouse,,,,,,,,,,,
Chaetodipus,formosus,Chaetodipus|Burtognathus,Perognathus_formosus|mesembrinus|cinerascens|mohavensis|incolatus|melanurus|infolatus|domisaxensis|melanocaudus,,Long-tailed Pocket Mouse,,,,,,,,,,,,
Chaetodipus,goldmani,Chaetodipus|Burtognathus,Perognathus_goldmani,,Goldman’s Pocket Mouse,,,,,,,,,,,,
Chaetodipus,hispidus,Chaetodipus|Burtognathus,Perognathus_hispidus|paradoxus|spilotus|conditi|latirostris|zacatecae|maximus,,Hispid Pocket Mouse,,,,,,,,,,,,
Chaetodipus,intermedius,Chaetodipus|Burtognathus,obscurus|Perognathus_intermedius|phasma|ater|minimus|rupestris|nigrimontis|pinacate|crinitus|umbrosus|lithophilus|beardi,,Rock Pocket Mouse,Intermediate Pocket Mouse,,,,,,,,,,,
Chaetodipus,lineatus,Chaetodipus|Burtognathus,Perognathus_lineatus,,Lined Pocket Mouse,,,,,,,,,,,,
Chaetodipus,nelsoni,Chaetodipus|Burtognathus,canescens|Perognathus_(Chaetodipus)_nelsoni,,Nelson’s Course-haired Pocket Mouse,Nelson's Pocket Mouse,,,,,,,,,,,
Chaetodipus,penicillatus,Chaetodipus|Burtognathus,Perognathus_penecillatus|pricei|stephensi|angustirostris|goldmani|seri|seorsus|sobrinus,,Desert Pocket Mouse,Sonoran Desert Pocket Mouse,,,,,,,,,,,
Chaetodipus,pernix,Chaetodipus|Burtognathus,pernix|rostratus,,Sinaloan Pocket Mouse,,,,,,,,,,,,
Chaetodipus,rudinoris,Chaetodipus|Burtognathus,knekus|Perognathus_baileyi_rudinoris|extimus|hueyi|fornicatus|mesidios,,Peninsular Pocket Mouse,Baja California Pocket Mouse|Baja Pocket Mouse,,,,,,,,,,,
Chaetodipus,siccus,Chaetodipus|Burtognathus,Perognathus_penicillatus_siccus,,Cerralvo Island Pocket Mouse,,,,,,,,,,,,
Chaetodipus,spinatus,Chaetodipus|Burtognathus,Perognathus_spinatus|bryanti|margaritae|peninsulae|magdalenae|occultus|evermanni|lambi|prietae|rufescens|guardiae|latijugularis|macrosensis|pullus|seorsus|broccus|oribates|lorenzi,,Spiny Pocket Mouse,,,,,,,,,,,,
Dipodomys,agilis,Dipodomys|Dipodops|Macrocolus|Perodipus,agilis|wagneri|perplexus|fuscus,,Agile Kangaroo Rat,Nimble Kangaroo Rat|Pacific Kangaroo Rat,,,,,,,,,,,
Dipodomys,californicus,Dipodomys|Dipodops|Macrocolus|Perodipus,Dipodomys_californicus|pallidulus|trinitatus|eximius|gabrielsoni|saxatilis,,California Kangaroo Rat,,,,,,,,,,,,
Dipodomys,compactus,Dipodomys|Dipodops|Macrocolus|Perodipus,Dipodomys_compactus|sennetti|largus|parvabullatus,,Gulf Coast Kangaroo Rat,,,,,,,,,,,,
Dipodomys,deserti,Dipodomys|Dipodops|Macrocolus|Perodipus,Dipodomys_deserti|helleri|sonoriensis|arizonae|aquilus,,Desert Kangaroo Rat,,,,,,,,,,,,
Dipodomys,elator,Dipodomys|Dipodops|Macrocolus|Perodipus,Dipodomys_elator,,Texas Kangaroo Rat,Loring’s Kangaroo Rat,,,,,,,,,,,
Dipodomys,gravipes,Dipodomys|Dipodops|Macrocolus|Perodipus,gravipes,,San Quintin Kangaroo Rat,,,,,,,,,,,,
Dipodomys,heermanni,Dipodomys|Dipodops|Macrocolus|Perodipus,Dipodomys_heermanni|streatori|goldmani|tularensis|morroensis|berkeleyensis|dixoni|jolonensis|swarthi|arenae,,Heermann’s Kangaroo Rat,Morro Bay Kangaroo Rat|Tulare Kangaroo Rat,,,,,,,,,,,
Dipodomys,ingens,Dipodomys|Dipodops|Macrocolus|Perodipus,Perodipus_ingens,,Giant Kangaroo Rat,,,,,,,,,,,,
Dipodomys,merriami,Dipodomys|Dipodops|Macrocolus|Perodipus,ambiguus|Dipodomys_merriami|melanurus|atronasus|nevadensis|nitratus|parvus|similis|simiolus|mitchelli|arenivagus|mortivallis|insularis|kernensis|margaritae|platycephalus|semipallidus|mayensis|olivaceus|vulcani|frenatus|regillus|annulus|brunensis|llanoensis|quintinensis|trinidadensis|collinus,,Merriam’s Kangaroo Rat,Margarita Island Kangaroo Rat|San Bernardino Kangaroo Rat|San José Island Kangaroo Rat,,,,,,,,,,,
Dipodomys,microps,Dipodomys|Dipodops|Macrocolus|Perodipus,levipes|Perodipus_microps|preblei|celsus|leucotis|aquilonius|alfredi|bonnevillei|centralis|idahoensis|occidentalis|russeolus|subtenuis,,Chisel-toothed Kangaroo Rat,Great Basin Kangaroo Rat|Houserock Chisel-toothed Kangaroo Rat|House Rock Valley Kangaroo Rat|Inyo Pocket Rat|Small-faced Kangaroo Rat,,,,,,,,,,,
Dipodomys,nelsoni,Dipodomys|Dipodops|Macrocolus|Perodipus,Dipodomys_nelsoni|nelsoni,,Nelson’s Kangaroo Rat,,,,,,,,,,,,
Dipodomys,nitratoides,Dipodomys|Dipodops|Macrocolus|Perodipus,exilis|nitratoides|brevinasus,,San Joaquin Kangaroo Rat,San Joaquin Valley Kangaroo Rat|Fresno Kangaroo Rat|Short-nosed Kangaroo Rat|Tipton Kangaroo Rat,,,,,,,,,,,
Dipodomys,ordii,Dipodomys|Dipodops|Macrocolus|Perodipus,Dipodomys_ordii|montanus|chapmani|longipes|palmeri|richardsoni|columbianus|obscurus|utahensis|luteolus|monoensis|cupidineus|cleomophila|evexus|nexilis|marshalli|attenuatus|celeripes|cineraceus|fetosus|oklahomae|inaquosus|panguitchensis|priscus|terrosus|cinderensis|fremonti|pallidus|sanrafaeli|uintensis|extractus|fuscus|idoneus|medius|durranti|pullus,,Ord’s Kangaroo Rat,Five-toed Kangaroo Rat,,,,,,,,,,,
Dipodomys,ornatus,Dipodomys|Dipodops|Macrocolus|Perodipus,Dipodomys_ornatus,,Plateau Kangaroo Rat,Ornate Kangaroo Rat,,,,,,,,,,,
Dipodomys,panamintinus,Dipodomys|Dipodops|Macrocolus|Perodipus,Perodipus_panamintinus|mohavensis|leucogenys|argusensis|caudatus,,Panamint Kangaroo Rat,Mojave Kangaroo Rat,,,,,,,,,,,
Dipodomys,phillipsii,Dipodomys|Dipodops|Macrocolus|Perodipus,phillipsii|perotensis|oaxacae,,Phillips’s Kangaroo Rat,Southern Banner-tailed Kangaroo Rat,,,,,,,,,,,
Dipodomys,simulans,Dipodomys|Dipodops|Macrocolus|Perodipus,cabezonae|Perodipus_streatori_simulans|peninsularis|latimaxilaris|martirensis|australis|eremoecus|paralius|pedionomus|plectilis|antiquarius,,Dulzura Kangaroo Rat,Cabezon Kangaroo Rat|San Borja Kangaroo Rat|Santa Catarina Kangaroo Rat,,,,,,,,,,,
Dipodomys,spectabilis,Dipodomys|Dipodops|Macrocolus|Perodipus,Dipodomys_spectabilis|cratodon|baileyi|zygomaticus|clarencei|perblandus|intermedius,,Banner-tailed Kangaroo Rat,Bannertail Kangaroo Rat,,,,,,,,,,,
Dipodomys,stephensi,Dipodomys|Dipodops|Macrocolus|Perodipus,Perodipus_stephensi|cascus,,Stephens’s Kangaroo Rat,Bonsall Relict Kangaroo Rat,,,,,,,,,,,
Dipodomys,venustus,Dipodomys|Dipodops|Macrocolus|Perodipus,Perodipus_venustus|elephantinus|sanctiluciae,,Narrow-faced Kangaroo Rat,Santa Cruz Kangaroo Rat|Big-eared Kangaroo Rat|Elephant-eared Kangaroo Rat,,,,,,,,,,,
Heteromys,desmarestianus,Heteromys|Liomys|Xylomys,desmarestianus|longicaudatus|goldmani|griseus|lepturus|repens|fuscatus|temporalis|crassirostris|panamensis|zonalis|psakastus|planifrons|subaffinis|chiriquensis|underwoodi|nigricaudatus,,Desmarest’s Spiny Pocket Mouse,,,,,,,,,,,,
Heteromys,gaumeri,Heteromys|Liomys|Xylomys,Heteromys_gaumeri,,Gaumer’s Spiny Pocket Mouse,,,,,,,,,,,,
Heteromys,goldmani,Heteromys|Liomys|Xylomys,Heteromys_goldmani,,Goldman’s Spiny Pocket Mouse,,,,,,,,,,,,
Heteromys,irroratus,Heteromys|Liomys|Xylomys,albolimbatus|irroratus|alleni|canus|minor|texensis|torridus|exiguus|jaliscensis|guerrerensis|pretiosus|pullus|acutus|yautepecus,,Mexican Spiny Pocket Mouse,Guerrero Spiny Pocket Mouse,,,,,,,,,,,
Heteromys,nelsoni,Heteromys|Liomys|Xylomys,Heteromys_(Xylomys)_nelsoni,,Nelson’s Spiny Pocket Mouse,,,,,,,,,,,,
Heteromys,pictus,Heteromys|Liomys|Xylomys,pictus|hispidus|annectens|isthmius|obscurus|orbitalis|phaeura|plantinarensis|rostratus|sonorana|veraecrucis|paralius|parviceps|escuinapae|pinetorum,,Painted Spiny Pocket Mouse,,,,,,,,,,,,
Heteromys,salvini,Heteromys|Liomys|Xylomys,nigrescens|salvini|crispus|heterothrix|setosus|vulcani|anthonyi|aterrimus,,Salvin’s Spiny Pocket Mouse,,,,,,,,,,,,
Heteromys,spectabilis,Heteromys|Liomys|Xylomys,Liomys_spectabilis,,Jaliscan Spiny Pocket Mouse,,,,,,,,,,,,
Microdipodops,megacephalus,Microdipodops,Microdipodops_megacephalus|californicus|oregonus|polionotus|albiventer|ambiguus|leucotis|medius|nasutus|nexus|paululus|sabulonis|atrirelictus,,Dark Kangaroo Mouse,Owyhee River Kangaroo Mouse,,,,,,,,,,,
Microdipodops,pallidus,Microdipodops,Microdipodops_pallidus|lucidus|dickeyi|ammophilus|purus|ruficollaris|restrictus,,Pallid Kangaroo Mouse,Pale Kangaroo Mouse|Soda Spring Valley Kangaroo Mouse,,,,,,,,,,,
Perognathus,alticola,Perognathus|Abromys|Cricetodipus|Otognosis,Perognathus_alticolis|inexpectatus,,White-eared Pocket Mouse,Tehachapi Pocket Mouse,,,,,,,,,,,
Perognathus,amplus,Perognathus|Abromys|Cricetodipus|Otognosis,Perognathus_amplus|pergracilis|rotundus|taylori|ammodytes|cineris|jacksoni,,Arizona Pocket Mouse,,,,,,,,,,,,
Perognathus,fasciatus,Perognathus|Abromys|Cricetodipus|Otognosis,Perognathus_fasciatus|infraluteus|callistus|litus|olivaceogriseus,,Olive-backed Pocket Mouse,,,,,,,,,,,,
Perognathus,flavescens,Perognathus|Abromys|Cricetodipus|Otognosis,apache|Perognathus_fasciatus_flavescens|copei|melanotis|perniger|caryi|cleomophila|gypsi|relictus|cockrumi,,Plains Pocket Mouse,Apache Pocket Mouse,,,,,,,,,,,
Perognathus,flavus,Perognathus|Abromys|Cricetodipus|Otognosis,Perognathus_flavus|bimaculatus|fuliginosus|mexicanus|piperi|hopiensis|sonoriensis|sanluisi|bunkeri|medius|pallescens|parviceps|goodpasteri|fuscus,,Silky Pocket Mouse,Baird’s Pocket Mouse,,,,,,,,,,,
Perognathus,inornatus,Perognathus|Abromys|Cricetodipus|Otognosis,Perognathus_inornatus|neglectus|psammophlius|sillimani,,San Joaquin Pocket Mouse,Salinas Pocket Mouse,,,,,,,,,,,
Perognathus,longimembris,Perognathus|Abromys|Cricetodipus|Otognosis,Otognosis_longimembris|nevadensis|panamintinus|bangsi|pacificus|arenicola|brevinasus|elibatus|pericalles|bombycinus|aestivus|venustus|arizonensis|cantwelli|arcus|kinoensis|pimensis|salinensis|tularensis|internationalis|virginis|gulosus,,Little Pocket Mouse,Los Angeles Little Pocket Mouse|Los Angeles Pocket Mouse,,,,,,,,,,,
Perognathus,merriami,Perognathus|Abromys|Cricetodipus|Otognosis,Perognathus_merriami|mearnsi|gilvus,,Merriam’s Pocket Mouse,,,,,,,,,,,,
Perognathus,mollipilosus,Perognathus|Abromys|Cricetodipus|Otognosis,Perognathus_mollipilosus|amoenus|olivaceus|magruderensis|xanthanotus|clarus|idahoensis|trumbullensis|plerus|bullatus,,Great Basin Pocket Mouse,,,,,,,,,,,,
Perognathus,parvus,Perognathus|Abromys|Cricetodipus|Otognosis,Cricetodipus_parvus|monticola|lordi|columbianus|laingi|yakimensis,,Columbia Plateau Pocket Mouse,,,,,,,,,,,,
Ammospermophilus,harrisii,Ammospermophilus,harrisii|saxicolus|kinoensis,,Harris’s Antelope Squirrel,,,,,,,,,,,,
Ammospermophilus,interpres,Ammospermophilus,Tamias_interpres,,Texas Antelope Squirrel,,,,,,,,,,,,
Ammospermophilus,leucurus,Ammospermophilus,Tamias_leucurus|cinamomeus|peninsulae|vinnulus|insularis|canfieldiae|extimus|tersus|pennipes|escalante|notom,,White-tailed Antelope Squirrel,,,,,,,,,,,,
Ammospermophilus,nelsoni,Ammospermophilus,Spermophilus_nelsoni|amplus,,Nelson’s Antelope Squirrel,,,,,,,,,,,,
Callospermophilus,lateralis,Callospermophilus,lateralis|castanurus|chrysodeirus|cinerascens|brevicauda|wortmani|bernardinus|trinitatus|trepidus|tescorum|arizonensis|caryi|certus|connectens|mitratus,,Common Golden-mantled Ground Squirrel,Green River Basin Golden-mantled Ground Squirrel,,,,,,,,,,,
Callospermophilus,madrensis,Callospermophilus,Callospermophilus_madrensis,,Sierra Madre Ground Squirrel,Sierra Madre Golden-mantled Ground Squirrel,,,,,,,,,,,
Callospermophilus,saturatus,Callospermophilus,Tamias_lateralis_saturatus,,Cascade Golden-mantled Ground Squirrel,,,,,,,,,,,,
Cynomys,gunnisoni,Cynomys|Arctomys|Cynomomus|Mamcynomiscus|Monax|Leucocrossuromys,Spermophilus_gunnisoni|zuniensis,,Gunnison’s Prairie Dog,,,,,,,,,,,,
Cynomys,leucurus,Cynomys|Arctomys|Cynomomus|Mamcynomiscus|Monax|Leucocrossuromys,Cynomys_leucurus,,White-tailed Prairie Dog,,,,,,,,,,,,
Cynomys,ludovicianus,Cynomys|Arctomys|Cynomomus|Mamcynomiscus|Monax|Leucocrossuromys,ludovicianus|grisea|socialis|missouriensis|latrans|cinereus|arizonensis|pyrrotrichus,,Black-tailed Prairie Dog,Arizona Black-tailed Prairie Dog,,,,,,,,,,,
Cynomys,mexicanus,Cynomys|Arctomys|Cynomomus|Mamcynomiscus|Monax|Leucocrossuromys,Cynomys_mexicanus,,Mexican Prairie Dog,Mexican Prairie Marmot,,,,,,,,,,,
Cynomys,parvidens,Cynomys|Arctomys|Cynomomus|Mamcynomiscus|Monax|Leucocrossuromys,Cynomys_parvidens,,Utah Prairie Dog,,,,,,,,,,,,
Glaucomys,oregonensis,Glaucomys,Pteromys_oregonensis|californicus|fuligionsus|klamathensis|lascivus|stephensi|flaviventris,,Humboldt’s Flying Squirrel,Bachman’s Flying Squirrel|California Coast Flying Squirrel|Cascade Flying Squirrel|Klamath Flying Squirrel|Okanagan Flying Squirrel|Yellow-bellied Flying Squirrel,,,,,,,,,,,
Glaucomys,sabrinus,Glaucomys,hudsonius|sabrinus|canadensis|alpinus|bangsi|macrotis|olympicus|makkovikensis|yukonensis|zaphaeus|bullatus|canescens|columbiensis|latipes|griseifrons|lucifugus|fuscus|reductus|goodwini|gouldi|coloratus|murinauralis,,Northern Flying Squirrel,Carolina Flying Squirrel|Alaska Coast Flying Squirrel|Atnarko Flying Squirrel|Bangs Flying Squirrel|Broad-footed Flying Squirrel|Cascade Flying Squirrel|Hudson Bay Flying Squirrel|Labrador Flying Squirrel|Mearns’s Flying Squirrel|Okanagan Flying Squirrel|Richardson Flying Squirrel|Sierra Flying Squirrel|Yukon Flying Squirrel,,,,,,,,,,,
Glaucomys,volans,Glaucomys,volans|volucella|virginianus|americana|cucullatus|querceti|silus|goldmani|nebrascenssi|saturatus|texensis|herreranus|madrensis|underwoodi|chontali|oaxacensis|guerreroensis,,Southern Flying Squirrel,Mexican Flying Squirrel|Florida Flying Squirrel|Small Eastern Flying Squirrel|Southeastern Flying Squirrel|Texas Flying Squirrel,,,,,,,,,,,
Ictidomys,mexicanus,Ictidomys|Ictidomoides,mexicanus,,Mexican Ground Squirrel,,,,,,,,,,,,
Ictidomys,parvidens,Ictidomys|Ictidomoides,Spermophilus_mexicanus_parvidens,,Rio Grande Ground Squirrel,,,,,,,,,,,,
Ictidomys,tridecemlineatus,Ictidomys|Ictidomoides,tridecemlineatus|hoodii|pallidus|olivaceus|parvus|alleni|texensis|badius|hollisteri|arenicola|monticola|blanca,,Thirteen-lined Ground Squirrel,,,,,,,,,,,,
Marmota,broweri,Marmota|Arctomys|Glis|Lagomys|Lipura|Marmotops|Petromarmota,broweri,,Alaska Marmot,,,,,,,,,,,,
Marmota,caligata,Marmota|Arctomys|Glis|Lagomys|Lipura|Marmotops|Petromarmota,caligata|okanagana|vigilis|sibila|cascadensis|nivaria|oxytona|sheldoni|raceyi,,Hoary Marmot,,,,,,,,,,,,
Marmota,flaviventris,Marmota|Arctomys|Glis|Lagomys|Lipura|Marmotops|Petromarmota,flaviventris|dacota|avara|engelhardti|luteola|nosophora|obscura|warreni|capmioni|parvula|sierrae|fortirostris|notioros,,Yellow-bellied Marmot,,,,,,,,,,,,
Marmota,monax,Marmota|Arctomys|Glis|Lagomys|Lipura|Marmotops|Petromarmota,monax|canadensis|empetra|sibila|melanopus|ignava|ochracea|preblorum|rufescens|pretensis|bunkeri|johnsoni,,Woodchuck,Groundhog,,,,,,,,,,,
Marmota,olympus,Marmota|Arctomys|Glis|Lagomys|Lipura|Marmotops|Petromarmota,Arctomys_olympus,,Olympic Marmot,,,,,,,,,,,,
Marmota,vancouverensis,Marmota|Arctomys|Glis|Lagomys|Lipura|Marmotops|Petromarmota,vancouverensis,,Vancouver Island Marmot,,,,,,,,,,,,
Neotamias,alpinus,Neotamias,Tamias_alpinus,,Alpine Chipmunk,,,,,,,,,,,,
Neotamias,amoenus,Neotamias,affinis|luteiventris|Tamias_amoenus|felix|caurinus|canicaudus|ludibundus|propinquus|monoensis|vallicola|ochraceus|cratericus|celeris|septentrionalis|albiventris,,Yellow-pine Chipmunk,,,,,,,,,,,,
Neotamias,bulleri,Neotamias,Tamias_asiaticus_bulleri,,Buller’s Chipmunk,,,,,,,,,,,,
Neotamias,canipes,Neotamias,Eutamias_cinereicollis_canipes|sacramentoensis,,Gray-footed Chipmunk,,,,,,,,,,,,
Neotamias,cinereicollis,Neotamias,Tamias_cinereicollis|cinereus,,Gray-collared Chipmunk,,,,,,,,,,,,
Neotamias,dorsalis,Neotamias,Tamias_dorsalis|utahensis|canescens|grinnelli|carminis|nidoensis|sonoriensis,,Cliff Chipmunk,,,,,,,,,,,,
Neotamias,durangae,Neotamias,Eutamias_durangae|nexus,,Durango Chipmunk,,,,,,,,,,,,
Neotamias,merriami,Neotamias,Tamias_asiaticus_merriami|pricei|kernensis|mariposae,,Merriam’s Chipmunk,,,,,,,,,,,,
Neotamias,minimus,Neotamias,Tamias_minimus|pallidus|borealis|consobrinus|melanurus|neglectus|pictus|oreocetes|caniceps|lectus|operarius|cacodemus|caryi|atristriatus|clarus|arizonensis|confinis|grisescens|jacksoni|scrutator|hudsonius|selkirki|silvaticus|chuskaensis,,Least Chipmunk,Peñasco Least Chipmunk|Selkirk Least Chipmunk,,,,,,,,,,,
Neotamias,obscurus,Neotamias,Tamias_obscurus|meridionalis|davisi,,California Chipmunk,,,,,,,,,,,,
Neotamias,ochrogenys,Neotamias,Eutamias_townsendii_ochrogenys,,Yellow-cheeked Chipmunk,Redwood Chipmunk,,,,,,,,,,,
Neotamias,palmeri,Neotamias,Eutamias_palmeri,,Palmer’s Chipmunk,,,,,,,,,,,,
Neotamias,panamintinus,Neotamias,Tamias_panamintinus|juniperus|acrus,,Panamint Chipmunk,,,,,,,,,,,,
Neotamias,quadrimaculatus,Neotamias,quadrimaculatus|macrorhabdotes,,Long-eared Chipmunk,,,,,,,,,,,,
Neotamias,quadrivittatus,Neotamias,quadrivittatus|gracilis|animosus|australis|oscuraensis,,Colorado Chipmunk,,,,,,,,,,,,
Neotamias,ruficaudus,Neotamias,Eutamias_ruficaudus|simulans,,Red-tailed Chipmunk,,,,,,,,,,,,
Neotamias,rufus,Neotamias,Eutamias_quadrivittatus_rufus,,Hopi Chipmunk,,,,,,,,,,,,
Neotamias,senex,Neotamias,Tamias_senex|pacificus,,Shadow Chipmunk,Allen’s Chipmunk,,,,,,,,,,,
Neotamias,siskiyou,Neotamias,Eutamias_townsendii_siskiyou|humboldti,,Siskiyou Chipmunk,,,,,,,,,,,,
Neotamias,solivagus,Neotamias,Eutamias_bulleri_solivagus,,Sierra del Carmen Chipmunk,,,,,,,,,,,,
Neotamias,sonomae,Neotamias,sonomae|alleni,,Sonoma Chipmunk,,,,,,,,,,,,
Neotamias,speciosus,Neotamias,frater|Tamias_speciosus|callipeplus|sequoiensis,,Lodgepole Chipmunk,,,,,,,,,,,,
Neotamias,townsendii,Neotamias,Tamias_townsendii|hindei|cooperi|littoralis,,Townsend’s Chipmunk,,,,,,,,,,,,
Neotamias,umbrinus,Neotamias,Tamias_umbrinus|inyoensis|adsitus|nevadensis|fremonti|montanus|sedulus,,Uinta Chipmunk,Hidden Forest Uinta Chipmunk|Mount Ellen Uinta Chipmunk,,,,,,,,,,,
Notocitellus,adocetus,Notocitellus,Citellus_adocetus|arceliae|infernatus,,Tropical Ground Squirrel,,,,,,,,,,,,
Notocitellus,annulatus,Notocitellus,annulatus|goldmani,,Ring-tailed Ground Squirrel,,,,,,,,,,,,
Otospermophilus,atricapillus,Otospermophilus,atricapillus,,Baja California Rock Squirrel,,,,,,,,,,,,
Otospermophilus,beecheyi,Otospermophilus,beecheyi|douglasii|fisheri|nesioticus|nudipes|parvulus|rupinarum|sierrae,,California Ground Squirrel,Beechey’s Ground Squirrel|Gray Digger,,,,,,,,,,,
Otospermophilus,variegatus,Otospermophilus,variegatus|grammurus|buccatus|macrourus|couchii|buckleyi|rupestris|utah|juglans|tularosae|robustus|tiburonensis,,Common Rock Squirrel,,,,,,,,,,,,
Poliocitellus,franklinii,Poliocitellus,franklinii,,Franklin’s Ground Squirrel,,,,,,,,,,,,
Sciurus,aberti,Sciurus|Aphrontis|Araeosciurus|Baiosciurus|Echinosciurus|Histriosciurus|Leptosciurus|Macroxus|Mesosciurus|Neosciurus|Oreosciurus|Parasciurus|Simosciurus|Otosciurus|Guerlinguetus|Tenes|Hadrosciurus|Hesperosciurus|Urosciurus,aberti|dorsalis|castanotus|castanonotus|durangi|ferreus|barberi|kaibabensis|mimus|phaeurus|chuscensis|navajo,,Abert’s Squirrel,Tassel-eared Squirrel|Kaibab Squirrel,,,,,,,,,,,
Sciurus,alleni,Sciurus|Aphrontis|Araeosciurus|Baiosciurus|Echinosciurus|Histriosciurus|Leptosciurus|Macroxus|Mesosciurus|Neosciurus|Oreosciurus|Parasciurus|Simosciurus|Otosciurus|Guerlinguetus|Tenes|Hadrosciurus|Hesperosciurus|Urosciurus,alleni,,Allen’s Squirrel,,,,,,,,,,,,
Sciurus,arizonensis,Sciurus|Aphrontis|Araeosciurus|Baiosciurus|Echinosciurus|Histriosciurus|Leptosciurus|Macroxus|Mesosciurus|Neosciurus|Oreosciurus|Parasciurus|Simosciurus|Otosciurus|Guerlinguetus|Tenes|Hadrosciurus|Hesperosciurus|Urosciurus,arizonensis|hauchuca|catallinae,,Arizona Gray Squirrel,,,,,,,,,,,,
Sciurus,aureogaster,Sciurus|Aphrontis|Araeosciurus|Baiosciurus|Echinosciurus|Histriosciurus|Leptosciurus|Macroxus|Mesosciurus|Neosciurus|Oreosciurus|Parasciurus|Simosciurus|Otosciurus|Guerlinguetus|Tenes|Hadrosciurus|Hesperosciurus|Urosciurus,aureogaster|raviventer|hypopyrrhus|leucogaster|nigrescens|albipes|socialis|ferruginiventris|mustelinus|varius|chrysogaster|hypoxanthus|griseoflavus|maurus|morio|poliopus|rufipes|affinis|rufiventris|cervicalis|nelsoni|cocos|colimensis|effugius|frumentor|nemoralis|quercinsu|wagneri|chiapensis|perigrinator|senex|tepicanus|littoralis,,Red-bellied Squirrel,Mexican Gray Squirrel|Mexican Red-bellied Squirrel,,,,,,,,,,,
Sciurus,carolinensis,Sciurus|Aphrontis|Araeosciurus|Baiosciurus|Echinosciurus|Histriosciurus|Leptosciurus|Macroxus|Mesosciurus|Neosciurus|Oreosciurus|Parasciurus|Simosciurus|Otosciurus|Guerlinguetus|Tenes|Hadrosciurus|Hesperosciurus|Urosciurus,carolinensis|hiemalis|pennsylvanicus|leucotis|fuliginosus|migratorius|hypophaeus|extimus|matecumbei|minutus,,Eastern Gray Squirrel,,,,,,,,,,,,
Sciurus,colliaei,Sciurus|Aphrontis|Araeosciurus|Baiosciurus|Echinosciurus|Histriosciurus|Leptosciurus|Macroxus|Mesosciurus|Neosciurus|Oreosciurus|Parasciurus|Simosciurus|Otosciurus|Guerlinguetus|Tenes|Hadrosciurus|Hesperosciurus|Urosciurus,colliaei|nuchalis|sinaloensis|truei,,Collie’s Squirrel,,,,,,,,,,,,
Sciurus,deppei,Sciurus|Aphrontis|Araeosciurus|Baiosciurus|Echinosciurus|Histriosciurus|Leptosciurus|Macroxus|Mesosciurus|Neosciurus|Oreosciurus|Parasciurus|Simosciurus|Otosciurus|Guerlinguetus|Tenes|Hadrosciurus|Hesperosciurus|Urosciurus,deppei|taeniurus|tephrogaster|negligens|vivax|matagalpae|miravallensis,,Deppe’s Squirrel,,,,,,,,,,,,
Sciurus,griseus,Sciurus|Aphrontis|Araeosciurus|Baiosciurus|Echinosciurus|Histriosciurus|Leptosciurus|Macroxus|Mesosciurus|Neosciurus|Oreosciurus|Parasciurus|Simosciurus|Otosciurus|Guerlinguetus|Tenes|Hadrosciurus|Hesperosciurus|Urosciurus,griseus|leporinus|fossor|heermanni|nigripes|anthonyi,,Western Gray Squirrel,Silver Gray Squirrel,,,,,,,,,,,
Sciurus,nayaritensis,Sciurus|Aphrontis|Araeosciurus|Baiosciurus|Echinosciurus|Histriosciurus|Leptosciurus|Macroxus|Mesosciurus|Neosciurus|Oreosciurus|Parasciurus|Simosciurus|Otosciurus|Guerlinguetus|Tenes|Hadrosciurus|Hesperosciurus|Urosciurus,alstoni|nayaritensis|apache|chiricahuae,,Mexican Fox Squirrel,Apache Squirrel|Chiricahua Fox Squirrel|Nayarit Squirrel,,,,,,,,,,,
Sciurus,niger,Sciurus|Aphrontis|Araeosciurus|Baiosciurus|Echinosciurus|Histriosciurus|Leptosciurus|Macroxus|Mesosciurus|Neosciurus|Oreosciurus|Parasciurus|Simosciurus|Otosciurus|Guerlinguetus|Tenes|Hadrosciurus|Hesperosciurus|Urosciurus,cinereus|niger|vulpinus|capistratus|rufiventer|ludovicianus|ruber|macroura|magnificaudatus|auduboni|subauratus|texianus|rubicaudatus|sayii|limitis|neglectus|vicinus|avicennia|bryanti|bachmani|shermani,,Eastern Fox Squirrel,Bryant’s Fox Squirrel|Cat Squirrel|Delmarva Fox Squirrel|Fox Squirrel|Stump-eared Squirrel|Western Fox Squirrel|Big Cypress Fox Squirrel,,,,,,,,,,,
Sciurus,oculatus,Sciurus|Aphrontis|Araeosciurus|Baiosciurus|Echinosciurus|Histriosciurus|Leptosciurus|Macroxus|Mesosciurus|Neosciurus|Oreosciurus|Parasciurus|Simosciurus|Otosciurus|Guerlinguetus|Tenes|Hadrosciurus|Hesperosciurus|Urosciurus,capistratus|oculatus|melanonotus|tolucae|shawi,,Peters’s Squirrel,,,,,,,,,,,,
Sciurus,variegatoides,Sciurus|Aphrontis|Araeosciurus|Baiosciurus|Echinosciurus|Histriosciurus|Leptosciurus|Macroxus|Mesosciurus|Neosciurus|Oreosciurus|Parasciurus|Simosciurus|Otosciurus|Guerlinguetus|Tenes|Hadrosciurus|Hesperosciurus|Urosciurus,variegatoides|adolphei|pyladei|richardsoni|boothiae|griseocaudatus|fuscovariegatus|dorsalis|rigidus|intermedius|melania|nicoyana|goldmani|managuensis|belti|thomasi|annalium|helveolus|bangsi|atrirufus|underwoodi|austini|loweryi|ometepensis,,Variegated Squirrel,,,,,,,,,,,,
Sciurus,yucatanensis,Sciurus|Aphrontis|Araeosciurus|Baiosciurus|Echinosciurus|Histriosciurus|Leptosciurus|Macroxus|Mesosciurus|Neosciurus|Oreosciurus|Parasciurus|Simosciurus|Otosciurus|Guerlinguetus|Tenes|Hadrosciurus|Hesperosciurus|Urosciurus,Sciurus_carolinensis_yucatanensis|baliolus|phaeopus,,Yucatan Squirrel,,,,,,,,,,,,
Tamias,striatus,Tamias,striatus|americanus|lysteri|griseus|venustus|fisheri|ohioensis|peninsulae|rufescens|pipilans|quebecensis|doorsiensis,,Eastern Chipmunk,,,,,,,,,,,,
Tamiasciurus,douglasii,Tamiasciurus,Sciurus_douglasii|mollipilosus|belcheri|suckleyi|mearnsi|orarius|cascadensis,,Douglas’s Squirrel,Chickaree|Mearn’s Squirrel,,,,,,,,,,,
Tamiasciurus,fremonti,Tamiasciurus,Sciurus_fremonti|grahamensis|neomexicanus|lychnuchus|mogollonensis|sawatchensis,,Fremont’s Squirrel,Southwestern Red Squirrel|Mount Graham Red Squirrel,,,,,,,,,,,
Tamiasciurus,hudsonicus,Tamiasciurus,hudsonicus|rubrolineatus|lanuginosus|richardsoni|vancouverensis|dakotensis|loquax|baileyi|streatori|ventorum|gymnicus|minnesota|petulans|picatus|abieticola|columbiensis|kenaiensis|preblei|regalis|dixiensis|laurentianus|pallescens|ungavensis|murii,,North American Red Squirrel,Pine Squirrel,,,,,,,,,,,
Urocitellus,armatus,Urocitellus|Anisonyx,Spermophilus_armatus,,Uinta Ground Squirrel,,,,,,,,,,,,
Urocitellus,beldingi,Urocitellus|Anisonyx,Spermophilus_beldingi|oregonus|creber,,Belding’s Ground Squirrel,,,,,,,,,,,,
Urocitellus,brunneus,Urocitellus|Anisonyx,Citellus_townsendii_brunneus|endemicus,,Idaho Ground Squirrel,,,,,,,,,,,,
Urocitellus,canus,Urocitellus|Anisonyx,Spermophilus_mollis_canus|vigilis,,Merriam’s Ground Squirrel,,,,,,,,,,,,
Urocitellus,columbianus,Urocitellus|Anisonyx,columbianus|brachiura|erythrogluteia|albertae|ruficaudus,,Columbian Ground Squirrel,,,,,,,,,,,,
Urocitellus,elegans,Urocitellus|Anisonyx,Spermophilus_elegans|nevadensis|aureus,,Wyoming Ground Squirrel,,,,,,,,,,,,
Urocitellus,mollis,Urocitellus|Anisonyx,Spermophilus_mollis|stephensi|artemesiae|idahoensis|leurodon|pessimus|washoensis,,Piute Ground Squirrel,,,,,,,,,,,,
Urocitellus,parryii,Urocitellus|Anisonyx,parryii|phaeognatha|leucostictus|brunniceps|kennicottii|kodiacensis|barrowensis|beringensis|osgoodi|plesius|ablusus|buxtoni|nebulicola|stejnegeri|stonei|lyratus|janensis|coriakorum|tschuktschorum,,Arctic Ground Squirrel,,,,,,,,,,,,
Urocitellus,richardsonii,Urocitellus|Anisonyx,richardsonii,,Richardson’s Ground Squirrel,,,,,,,,,,,,
Urocitellus,townsendii,Urocitellus|Anisonyx,Spermophilus_townsendii|yakimensis|nancyae,,Townsend’s Ground Squirrel,,,,,,,,,,,,
Urocitellus,washingtoni,Urocitellus|Anisonyx,Citellus_washingtoni|loringi,,Washington Ground Squirrel,,,,,,,,,,,,
Xerospermophilus,mohavensis,Xerospermophilus,Spermophilus_mohavensis,,Mohave Ground Squirrel,,,,,,,,,,,,
Xerospermophilus,perotensis,Xerospermophilus,Spermophlus_perotensis,,Perote Ground Squirrel,,,,,,,,,,,,
Xerospermophilus,spilosoma,Xerospermophilus,spilosoma|obsoletas|canescens|cryptospilotus|macro-spilotus|major|obsidianas|pratensis|annectens|microspilotus|arens|marginatus|pallescens|cabrerai|ammophilus|oricolus|altiplanensis|bavicorensis,,Spotted Ground Squirrel,,,,,,,,,,,,
Xerospermophilus,tereticaudus,Xerospermophilus,Spermophilus_tereticaudus|neglectus|sonoriensis|chlorus|eremonomus|arizonae|vociferans|apricus,,Round-tailed Ground Squirrel,,,,,,,,,,,,
Napaeozapus,insignis,Napaeozapus,insignis|roanensis|algonquinensis|gaspensis,,Woodland Jumping Mouse,,,,,,,,,,,,
Zapus,hudsonius,Zapus,hudsonius|labradorius|canadensis|americanus|microcephalus|alascensis|tenellus|campestris|hardyi|ladas|australis|acadicus|brevipes|rafinesquei|ontarioensis|intermedius|preblei,,Meadow Jumping Mouse,Hudson Bay Jumping Mouse,,,,,,,,,,,
Zapus,princeps,Zapus,Zapus_princeps|chrysogenys,,Western Jumping Mouse,Pacific Jumping Mouse,,,,,,,,,,,
Zapus,trinotatus,Zapus,Zapus_trinotatus,,Pacific Jumping Mouse,Coast Jumping Mouse|Point Reyes Jumping Mouse,,,,,,,,,,,